"No.","Exon / Intron","Start","End","Start Phase","End Phase","Length","Sequence"
"","5' upstream sequence","","","","","","                              {""provisional"":{""legend"":{""_messages"":[],""exons/Introns"":{""flanking"":{""text"":""Flanking sequence"",""label"":""#008000"",""default"":null,""class"":""ef""}}},""expect"":[],""flourishes"":{},""ref"":{""style"":[[0,""""],[0,""color:#008000""]]},""seq"":[{""style"":[1]}]},""url"":""/Homo_sapiens/Component/Transcript/Exons/exons?db=core;g=ENSG00000118058;r=11:118436456-118526832;t=ENST00000534358;time=1656085939123.123;adorn=only""}                ..........ccccccctccgcctccccgcccccctgtgttgtcgcctctccctctcgct                "
"1","ENSE00003838139","118,436,492","118,436,944","-","0","453","                              {""url"":""/Homo_sapiens/Component/Transcript/Exons/exons?db=core;g=ENSG00000118058;r=11:118436456-118526832;t=ENST00000534358;time=1656085939123.123;adorn=only"",""provisional"":{""expect"":[],""flourishes"":{},""legend"":{""_messages"":[],""exons/Introns"":{""utr"":{""label"":""#cd6839"",""default"":null,""class"":""eu"",""text"":""UTR""},""flanking"":{""label"":""#008000"",""class"":""ef"",""default"":null,""text"":""Flanking sequence""},""exon1"":{""text"":""Translated sequence"",""label"":""#1044ee"",""class"":""e1"",""default"":null}}},""seq"":[{""style"":[2,-20,1]},{""style"":[1]},-5,{""style"":[1,-32,0]}],""ref"":{""style"":[[0,""""],[0,""color:#1044ee""],[7,""cd6839""]]}}}                GCTTCACTTCACGGGGCGAACATGGCGCACAGCTGTCGGTGGCGCTTCCCCGCCCGACCCGGGACCACCGGGGGCGGCGGCGGCGGGGGGCGCCGGGGCCTAGGGGGCGCCCCGCGGCAACGCGTCCCGGCCCTGCTGCTTCCCCCCGGGCCCCCGGTCGGCGGTGGCGGCCCCGGGGCGCCCCCCTCCCCCCCGGCTGTGGCGGCCGCGGCGGCGGCGGCGGGAAGCAGCGGGGCTGGGGTTCCAGGGGGAGCGGCCGCCGCCTCAGCAGCCTCCTCGTCGTCCGCCTCGTCTTCGTCTTCGTCATCGTCCTCAGCCTCTTCAGGGCCGGCCCTGCTCCGGGTGGGCCCGGGCTTCGACGCGGCGCTGCAGGTCTCGGCCGCCATCGGCACCAACCTGCGCCGGTTCCGGGCCGTGTTTGGGGAGAGCGGCGGGGGAGGCGGCAGCGGAGAG                                           "
" ","Intron 1-2","118,436,945","118,468,774","","","31,830","                              {""url"":""/Homo_sapiens/Component/Transcript/Exons/exons?db=core;g=ENSG00000118058;r=11:118436456-118526832;t=ENST00000534358;time=1656085939123.123;adorn=only"",""provisional"":{""seq"":[{""style"":[1]}],""ref"":{""style"":[[0,""""],[0,""color:#aaaaaa""]]},""legend"":{""_messages"":[],""exons/Introns"":{""utr"":{""text"":""UTR"",""label"":""#cd6839"",""class"":""eu"",""default"":null},""intron"":{""text"":""Intron sequence"",""label"":""#aaaaaa"",""default"":null,""class"":""ei""},""flanking"":{""text"":""Flanking sequence"",""default"":null,""label"":""#008000"",""class"":""ef""},""exon1"":{""default"":null,""label"":""#1044ee"",""class"":""e1"",""text"":""Translated sequence""}}},""flourishes"":{},""expect"":[]}}                gtaagggggcgaggaacccccaggt..........ttaaaataattttcctttgttgtag                "
"2","ENSE00002463526","118,468,775","118,468,844","0","1","70","                              {""provisional"":{""seq"":[{""style"":[1]},{""style"":[1,-9,0]}],""ref"":{""style"":[[0,""""],[0,""color:#1044ee""]]},""flourishes"":{},""expect"":[],""legend"":{""_messages"":[],""exons/Introns"":{""utr"":{""label"":""#cd6839"",""class"":""eu"",""default"":null,""text"":""UTR""},""intron"":{""text"":""Intron sequence"",""class"":""ei"",""label"":""#aaaaaa"",""default"":null},""flanking"":{""label"":""#008000"",""default"":null,""class"":""ef"",""text"":""Flanking sequence""},""exon1"":{""text"":""Translated sequence"",""default"":null,""label"":""#1044ee"",""class"":""e1""}}}},""url"":""/Homo_sapiens/Component/Transcript/Exons/exons?db=core;g=ENSG00000118058;r=11:118436456-118526832;t=ENST00000534358;time=1656085939123.123;adorn=only""}                GATGAGCAATTCTTAGGTTTTGGCTCAGATGAAGAAGTCAGAGTGCGAAGTCCCACAAGGTCTCCTTCAG                                                                  "
" ","Intron 2-3","118,468,845","118,471,661","","","2,817","                              {""url"":""/Homo_sapiens/Component/Transcript/Exons/exons?db=core;g=ENSG00000118058;r=11:118436456-118526832;t=ENST00000534358;time=1656085939123.123;adorn=only"",""provisional"":{""seq"":[{""style"":[1]}],""ref"":{""style"":[[0,""""],[0,""color:#aaaaaa""]]},""flourishes"":{},""expect"":[],""legend"":{""_messages"":[],""exons/Introns"":{""utr"":{""text"":""UTR"",""default"":null,""label"":""#cd6839"",""class"":""eu""},""intron"":{""default"":null,""label"":""#aaaaaa"",""class"":""ei"",""text"":""Intron sequence""},""flanking"":{""class"":""ef"",""label"":""#008000"",""default"":null,""text"":""Flanking sequence""},""exon1"":{""label"":""#1044ee"",""default"":null,""class"":""e1"",""text"":""Translated sequence""}}}}}                gtacggccaattaagtgcatggtgc..........ttcattgtttaatttctatacacag                "
"3","ENSE00002704839","118,471,662","118,474,315","1","0","2,654","                              {""url"":""/Homo_sapiens/Component/Transcript/Exons/exons?db=core;g=ENSG00000118058;r=11:118436456-118526832;t=ENST00000534358;time=1656085939123.123;adorn=only"",""provisional"":{""ref"":{""style"":[[0,""""],[0,""color:#1044ee""]]},""seq"":[{""style"":[1]},-43,{""style"":[1,-13,0]}],""legend"":{""_messages"":[],""exons/Introns"":{""utr"":{""label"":""#cd6839"",""default"":null,""class"":""eu"",""text"":""UTR""},""intron"":{""label"":""#aaaaaa"",""default"":null,""class"":""ei"",""text"":""Intron sequence""},""flanking"":{""default"":null,""label"":""#008000"",""class"":""ef"",""text"":""Flanking sequence""},""exon1"":{""label"":""#1044ee"",""class"":""e1"",""default"":null,""text"":""Translated sequence""}}},""expect"":[],""flourishes"":{}}}                TTAAAACTAGTCCTCGAAAACCTCGTGGGAGACCTAGAAGTGGCTCTGACCGAAATTCAGCTATCCTCTCAGATCCATCTGTGTTTTCCCCTCTAAATAAATCAGAGACCAAATCTGGAGATAAGATCAAGAAGAAAGATTCTAAAAGTATAGAAAAGAAGAGAGGAAGACCTCCCACCTTCCCTGGAGTAAAAATCAAAATAACACATGGAAAGGACATTTCAGAGTTACCAAAGGGAAACAAAGAAGATAGCCTGAAAAAAATTAAAAGGACACCTTCTGCTACGTTTCAGCAAGCCACAAAGATTAAAAAATTAAGAGCAGGTAAACTCTCTCCTCTCAAGTCTAAGTTTAAGACAGGGAAGCTTCAAATAGGAAGGAAGGGGGTACAAATTGTACGACGGAGAGGAAGGCCTCCATCAACAGAAAGGATAAAGACCCCTTCGGGTCTCCTCATTAATTCTGAACTGGAAAAGCCCCAGAAAGTCCGGAAAGACAAGGAAGGAACACCTCCACTTACAAAAGAAGATAAGACAGTTGTCAGACAAAGCCCTCGAAGGATTAAGCCAGTTAGGATTATTCCTTCTTCAAAAAGGACAGATGCAACCATTGCTAAGCAACTCTTACAGAGGGCAAAAAAGGGGGCTCAAAAGAAAATTGAAAAAGAAGCAGCTCAGCTGCAGGGAAGAAAGGTGAAGACACAGGTCAAAAATATTCGACAGTTCATCATGCCTGTTGTCAGTGCTATCTCCTCGCGGATCATTAAGACCCCTCGGCGGTTTATAGAGGATGAGGATTATGACCCTCCAATTAAAATTGCCCGATTAGAGTCTACACCGAATAGTAGATTCAGTGCCCCGTCCTGTGGATCTTCTGAAAAATCAAGTGCAGCTTCTCAGCACTCCTCTCAAATGTCTTCAGACTCCTCTCGATCTAGTAGCCCCAGTGTTGATACCTCCACAGACTCTCAGGCTTCTGAGGAGATTCAGGTACTTCCTGAGGAGCGGAGCGATACCCCTGAAGTTCATCCTCCACTGCCCATTTCCCAGTCCCCAGAAAATGAGAGTAATGATAGGAGAAGCAGAAGGTATTCAGTGTCGGAGAGAAGTTTTGGATCTAGAACGACGAAAAAATTATCAACTCTACAAAGTGCCCCCCAGCAGCAGACCTCCTCGTCTCCACCTCCACCTCTGCTGACTCCACCGCCACCACTGCAGCCAGCCTCCAGTATCTCTGACCACACACCTTGGCTTATGCCTCCAACAATCCCCTTAGCATCACCATTTTTGCCTGCTTCCACTGCTCCTATGCAAGGGAAGCGAAAATCTATTTTGCGAGAACCGACATTTAGGTGGACTTCTTTAAAGCATTCTAGGTCAGAGCCACAATACTTTTCCTCAGCAAAGTATGCCAAAGAAGGTCTTATTCGCAAACCAATATTTGATAATTTCCGACCCCCTCCACTAACTCCCGAGGACGTTGGCTTTGCATCTGGTTTTTCTGCATCTGGTACCGCTGCTTCAGCCCGATTGTTTTCGCCACTCCATTCTGGAACAAGGTTTGATATGCACAAAAGGAGCCCTCTTCTGAGAGCTCCAAGATTTACTCCAAGTGAGGCTCACTCTAGAATATTTGAGTCTGTAACCTTGCCTAGTAATCGAACTTCTGCTGGAACATCTTCTTCAGGAGTATCCAATAGAAAAAGGAAAAGAAAAGTGTTTAGTCCTATTCGATCTGAACCAAGATCTCCTTCTCACTCCATGAGGACAAGAAGTGGAAGGCTTAGTAGTTCTGAGCTCTCACCTCTCACCCCCCCGTCTTCTGTCTCTTCCTCGTTAAGCATTTCTGTTAGTCCTCTTGCCACTAGTGCCTTAAACCCAACTTTTACTTTTCCTTCTCATTCCCTGACTCAGTCTGGGGAATCTGCAGAGAAAAATCAGAGACCAAGGAAGCAGACTAGTGCTCCGGCAGAGCCATTTTCATCAAGTAGTCCTACTCCTCTCTTCCCTTGGTTTACCCCAGGCTCTCAGACTGAAAGAGGGAGAAATAAAGACAAGGCCCCCGAGGAGCTGTCCAAAGATCGAGATGCTGACAAGAGCGTGGAGAAGGACAAGAGTAGAGAGAGAGACCGGGAGAGAGAAAAGGAGAATAAGCGGGAGTCAAGGAAAGAGAAAAGGAAAAAGGGATCAGAAATTCAGAGTAGTTCTGCTTTGTATCCTGTGGGTAGGGTTTCCAAAGAGAAGGTTGTTGGTGAAGATGTTGCCACTTCATCTTCTGCCAAAAAAGCAACAGGGCGGAAGAAGTCTTCATCACATGATTCTGGGACTGATATTACTTCTGTGACTCTTGGGGATACAACAGCTGTCAAAACCAAAATACTTATAAAGAAAGGGAGAGGAAATCTGGAAAAAACCAACTTGGACCTCGGCCCAACTGCCCCATCCCTGGAGAAGGAGAAAACCCTCTGCCTTTCCACTCCTTCATCTAGCACTGTTAAACATTCCACTTCCTCCATAGGCTCCATGTTGGCTCAGGCAGACAAGCTTCCAATGACTGACAAGAGGGTTGCCAGCCTCCTAAAAAAGGCCAAAGCTCAGCTCTGCAAGATTGAGAAGAGTAAGAGTCTTAAACAAACCGACCAGCCCAAAGCACAG                                                              "
" ","Intron 3-4","118,474,316","118,476,804","","","2,489","                              {""provisional"":{""seq"":[{""style"":[1]}],""ref"":{""style"":[[0,""""],[0,""color:#aaaaaa""]]},""expect"":[],""flourishes"":{},""legend"":{""_messages"":[],""exons/Introns"":{""utr"":{""text"":""UTR"",""label"":""#cd6839"",""class"":""eu"",""default"":null},""intron"":{""label"":""#aaaaaa"",""default"":null,""class"":""ei"",""text"":""Intron sequence""},""flanking"":{""label"":""#008000"",""default"":null,""class"":""ef"",""text"":""Flanking sequence""},""exon1"":{""text"":""Translated sequence"",""class"":""e1"",""label"":""#1044ee"",""default"":null}}}},""url"":""/Homo_sapiens/Component/Transcript/Exons/exons?db=core;g=ENSG00000118058;r=11:118436456-118526832;t=ENST00000534358;time=1656085939123.123;adorn=only""}                gtactcttttccaccttgcctatta..........tgtttttggattgcctcatattcag                "
"4","ENSE00002714149","118,476,805","118,476,982","0","1","178","                              {""url"":""/Homo_sapiens/Component/Transcript/Exons/exons?db=core;g=ENSG00000118058;r=11:118436456-118526832;t=ENST00000534358;time=1656085939123.123;adorn=only"",""provisional"":{""expect"":[],""flourishes"":{},""legend"":{""_messages"":[],""exons/Introns"":{""utr"":{""class"":""eu"",""label"":""#cd6839"",""default"":null,""text"":""UTR""},""intron"":{""text"":""Intron sequence"",""class"":""ei"",""label"":""#aaaaaa"",""default"":null},""flanking"":{""text"":""Flanking sequence"",""label"":""#008000"",""default"":null,""class"":""ef""},""exon1"":{""text"":""Translated sequence"",""class"":""e1"",""label"":""#1044ee"",""default"":null}}},""seq"":[{""style"":[1]},-1,{""style"":[1,-57,0]}],""ref"":{""style"":[[0,""""],[0,""color:#1044ee""]]}}}                GGTCAAGAAAGTGACTCATCAGAGACCTCTGTGCGAGGACCCCGGATTAAACATGTCTGCAGAAGAGCAGCTGTTGCCCTTGGCCGAAAACGAGCTGTGTTTCCTGATGACATGCCCACCCTGAGTGCCTTACCATGGGAAGAACGAGAAAAGATTTTGTCTTCCATGGGGAATGATG                  "
" ","Intron 4-5","118,476,983","118,477,966","","","984","                              {""provisional"":{""legend"":{""_messages"":[],""exons/Introns"":{""utr"":{""text"":""UTR"",""label"":""#cd6839"",""default"":null,""class"":""eu""},""intron"":{""text"":""Intron sequence"",""label"":""#aaaaaa"",""default"":null,""class"":""ei""},""flanking"":{""text"":""Flanking sequence"",""label"":""#008000"",""class"":""ef"",""default"":null},""exon1"":{""text"":""Translated sequence"",""class"":""e1"",""label"":""#1044ee"",""default"":null}}},""flourishes"":{},""expect"":[],""ref"":{""style"":[[0,""""],[0,""color:#aaaaaa""]]},""seq"":[{""style"":[1]}]},""url"":""/Homo_sapiens/Component/Transcript/Exons/exons?db=core;g=ENSG00000118058;r=11:118436456-118526832;t=ENST00000534358;time=1656085939123.123;adorn=only""}                gtaggtcaagaaggtcaatcttgga..........aactaatgccacatttctttaacag                "
"5","ENSE00002501544","118,477,967","118,478,201","1","2","235","                              {""provisional"":{""ref"":{""style"":[[0,""""],[0,""color:#1044ee""]]},""seq"":[{""style"":[1]},-2,{""style"":[1,-54,0]}],""legend"":{""_messages"":[],""exons/Introns"":{""utr"":{""text"":""UTR"",""label"":""#cd6839"",""class"":""eu"",""default"":null},""intron"":{""text"":""Intron sequence"",""label"":""#aaaaaa"",""class"":""ei"",""default"":null},""flanking"":{""default"":null,""label"":""#008000"",""class"":""ef"",""text"":""Flanking sequence""},""exon1"":{""text"":""Translated sequence"",""label"":""#1044ee"",""default"":null,""class"":""e1""}}},""expect"":[],""flourishes"":{}},""url"":""/Homo_sapiens/Component/Transcript/Exons/exons?db=core;g=ENSG00000118058;r=11:118436456-118526832;t=ENST00000534358;time=1656085939123.123;adorn=only""}                ACAAGTCATCAATTGCTGGCTCAGAAGATGCTGAACCTCTTGCTCCACCCATCAAACCAATTAAACCTGTCACTAGAAACAAGGCACCCCAGGAACCTCCAGTAAAGAAAGGACGTCGATCGAGGCGGTGTGGGCAGTGTCCCGGCTGCCAGGTGCCTGAGGACTGTGGTGTTTGTACTAATTGCTTAGATAAGCCCAAGTTTGGTGGTCGCAATATAAAGAAGCAGTGCTGCAA                     "
" ","Intron 5-6","118,478,202","118,480,173","","","1,972","                              {""url"":""/Homo_sapiens/Component/Transcript/Exons/exons?db=core;g=ENSG00000118058;r=11:118436456-118526832;t=ENST00000534358;time=1656085939123.123;adorn=only"",""provisional"":{""ref"":{""style"":[[0,""""],[0,""color:#aaaaaa""]]},""seq"":[{""style"":[1]}],""legend"":{""_messages"":[],""exons/Introns"":{""utr"":{""text"":""UTR"",""class"":""eu"",""label"":""#cd6839"",""default"":null},""intron"":{""label"":""#aaaaaa"",""class"":""ei"",""default"":null,""text"":""Intron sequence""},""flanking"":{""text"":""Flanking sequence"",""label"":""#008000"",""class"":""ef"",""default"":null},""exon1"":{""label"":""#1044ee"",""default"":null,""class"":""e1"",""text"":""Translated sequence""}}},""expect"":[],""flourishes"":{}}}                gtaagtgggtgtttcactctgagat..........catggtttattcgttgttttcctag                "
"6","ENSE00002436646","118,480,174","118,480,238","2","1","65","                              {""provisional"":{""seq"":[{""style"":[1]},{""style"":[1,-4,0]}],""ref"":{""style"":[[0,""""],[0,""color:#1044ee""]]},""legend"":{""_messages"":[],""exons/Introns"":{""utr"":{""label"":""#cd6839"",""default"":null,""class"":""eu"",""text"":""UTR""},""intron"":{""class"":""ei"",""label"":""#aaaaaa"",""default"":null,""text"":""Intron sequence""},""flanking"":{""text"":""Flanking sequence"",""class"":""ef"",""label"":""#008000"",""default"":null},""exon1"":{""text"":""Translated sequence"",""default"":null,""label"":""#1044ee"",""class"":""e1""}}},""flourishes"":{},""expect"":[]},""url"":""/Homo_sapiens/Component/Transcript/Exons/exons?db=core;g=ENSG00000118058;r=11:118436456-118526832;t=ENST00000534358;time=1656085939123.123;adorn=only""}                GATGAGAAAATGTCAGAATCTACAATGGATGCCTTCCAAAGCCTACCTGCAGAAGCAAGCTAAAG                                                                       "
" ","Intron 6-7","118,480,239","118,481,714","","","1,476","                              {""url"":""/Homo_sapiens/Component/Transcript/Exons/exons?db=core;g=ENSG00000118058;r=11:118436456-118526832;t=ENST00000534358;time=1656085939123.123;adorn=only"",""provisional"":{""ref"":{""style"":[[0,""""],[0,""color:#aaaaaa""]]},""seq"":[{""style"":[1]}],""legend"":{""_messages"":[],""exons/Introns"":{""utr"":{""label"":""#cd6839"",""default"":null,""class"":""eu"",""text"":""UTR""},""intron"":{""text"":""Intron sequence"",""label"":""#aaaaaa"",""class"":""ei"",""default"":null},""flanking"":{""text"":""Flanking sequence"",""class"":""ef"",""label"":""#008000"",""default"":null},""exon1"":{""text"":""Translated sequence"",""default"":null,""label"":""#1044ee"",""class"":""e1""}}},""expect"":[],""flourishes"":{}}}                gtagtgttgttaaaaaggtcttccc..........tgatgttgttgtgtttttccctcag                "
"7","ENSE00002455788","118,481,715","118,482,092","1","1","378","                              {""provisional"":{""expect"":[],""flourishes"":{},""legend"":{""_messages"":[],""exons/Introns"":{""utr"":{""class"":""eu"",""label"":""#cd6839"",""default"":null,""text"":""UTR""},""intron"":{""text"":""Intron sequence"",""default"":null,""label"":""#aaaaaa"",""class"":""ei""},""flanking"":{""label"":""#008000"",""default"":null,""class"":""ef"",""text"":""Flanking sequence""},""exon1"":{""text"":""Translated sequence"",""class"":""e1"",""label"":""#1044ee"",""default"":null}}},""seq"":[{""style"":[1]},-5,{""style"":[1,-17,0]}],""ref"":{""style"":[[0,""""],[0,""color:#1044ee""]]}},""url"":""/Homo_sapiens/Component/Transcript/Exons/exons?db=core;g=ENSG00000118058;r=11:118436456-118526832;t=ENST00000534358;time=1656085939123.123;adorn=only""}                CTGTGAAAAAGAAAGAGAAAAAGTCTAAGACCAGTGAAAAGAAAGACAGCAAAGAGAGCAGTGTTGTGAAGAACGTGGTGGACTCTAGTCAGAAACCTACCCCATCAGCAAGAGAGGATCCTGCCCCAAAGAAAAGCAGTAGTGAGCCTCCTCCACGAAAGCCCGTCGAGGAAAAGAGTGAAGAAGGGAATGTCTCGGCCCCTGGGCCTGAATCCAAACAGGCCACCACTCCAGCTTCCAGGAAGTCAAGCAAGCAGGTCTCCCAGCCAGCACTGGTCATCCCGCCTCAGCCACCTACTACAGGACCGCCAAGAAAAGAAGTTCCCAAAACCACTCCTAGTGAGCCCAAGAAAAAGCAGCCTCCACCACCAGAATCAG                                                          "
" ","Intron 7-8","118,482,093","118,482,421","","","329","                              {""provisional"":{""expect"":[],""flourishes"":{},""legend"":{""_messages"":[],""exons/Introns"":{""utr"":{""label"":""#cd6839"",""class"":""eu"",""default"":null,""text"":""UTR""},""intron"":{""label"":""#aaaaaa"",""class"":""ei"",""default"":null,""text"":""Intron sequence""},""flanking"":{""default"":null,""label"":""#008000"",""class"":""ef"",""text"":""Flanking sequence""},""exon1"":{""text"":""Translated sequence"",""label"":""#1044ee"",""default"":null,""class"":""e1""}}},""ref"":{""style"":[[0,""""],[0,""color:#aaaaaa""]]},""seq"":[{""style"":[1]}]},""url"":""/Homo_sapiens/Component/Transcript/Exons/exons?db=core;g=ENSG00000118058;r=11:118436456-118526832;t=ENST00000534358;time=1656085939123.123;adorn=only""}                gtgagtgaggagggcaagaaggaat..........ctgcaatttattctgaattttttag                "
"8","ENSE00002528798","118,482,422","118,482,495","1","0","74","                              {""url"":""/Homo_sapiens/Component/Transcript/Exons/exons?db=core;g=ENSG00000118058;r=11:118436456-118526832;t=ENST00000534358;time=1656085939123.123;adorn=only"",""provisional"":{""flourishes"":{},""expect"":[],""legend"":{""_messages"":[],""exons/Introns"":{""utr"":{""text"":""UTR"",""default"":null,""label"":""#cd6839"",""class"":""eu""},""intron"":{""default"":null,""label"":""#aaaaaa"",""class"":""ei"",""text"":""Intron sequence""},""flanking"":{""label"":""#008000"",""default"":null,""class"":""ef"",""text"":""Flanking sequence""},""exon1"":{""default"":null,""label"":""#1044ee"",""class"":""e1"",""text"":""Translated sequence""}}},""seq"":[{""style"":[1]},{""style"":[1,-13,0]}],""ref"":{""style"":[[0,""""],[0,""color:#1044ee""]]}}}                GTCCAGAGCAGAGCAAACAGAAAAAAGTGGCTCCCCGCCCAAGTATCCCTGTAAAACAAAAACCAAAAGAAAAG                                                              "
" ","Intron 8-9","118,482,496","118,484,182","","","1,687","                              {""url"":""/Homo_sapiens/Component/Transcript/Exons/exons?db=core;g=ENSG00000118058;r=11:118436456-118526832;t=ENST00000534358;time=1656085939123.123;adorn=only"",""provisional"":{""seq"":[{""style"":[1]}],""ref"":{""style"":[[0,""""],[0,""color:#aaaaaa""]]},""legend"":{""_messages"":[],""exons/Introns"":{""utr"":{""label"":""#cd6839"",""default"":null,""class"":""eu"",""text"":""UTR""},""intron"":{""label"":""#aaaaaa"",""class"":""ei"",""default"":null,""text"":""Intron sequence""},""flanking"":{""class"":""ef"",""label"":""#008000"",""default"":null,""text"":""Flanking sequence""},""exon1"":{""text"":""Translated sequence"",""label"":""#1044ee"",""class"":""e1"",""default"":null}}},""flourishes"":{},""expect"":[]}}                gtgaggagagatttgtttctctgcc..........ctatattcatcttttgtctccttag                "
"9","ENSE00003790034","118,484,183","118,484,314","0","0","132","                              {""url"":""/Homo_sapiens/Component/Transcript/Exons/exons?db=core;g=ENSG00000118058;r=11:118436456-118526832;t=ENST00000534358;time=1656085939123.123;adorn=only"",""provisional"":{""ref"":{""style"":[[0,""""],[0,""color:#1044ee""]]},""seq"":[{""style"":[1]},-1,{""style"":[1,-11,0]}],""legend"":{""_messages"":[],""exons/Introns"":{""utr"":{""default"":null,""label"":""#cd6839"",""class"":""eu"",""text"":""UTR""},""intron"":{""label"":""#aaaaaa"",""class"":""ei"",""default"":null,""text"":""Intron sequence""},""flanking"":{""text"":""Flanking sequence"",""label"":""#008000"",""default"":null,""class"":""ef""},""exon1"":{""default"":null,""label"":""#1044ee"",""class"":""e1"",""text"":""Translated sequence""}}},""flourishes"":{},""expect"":[]}}                GAAAAACCACCTCCGGTCAATAAGCAGGAGAATGCAGGCACTTTGAACATCCTCAGCACTCTCTCCAATGGCAATAGTTCTAAGCAAAAAATTCCAGCAGATGGAGTCCACAGGATCAGAGTGGACTTTAAG                                                                "
" ","Intron 9-10","118,484,315","118,484,861","","","547","                              {""url"":""/Homo_sapiens/Component/Transcript/Exons/exons?db=core;g=ENSG00000118058;r=11:118436456-118526832;t=ENST00000534358;time=1656085939123.123;adorn=only"",""provisional"":{""seq"":[{""style"":[1]}],""ref"":{""style"":[[0,""""],[0,""color:#aaaaaa""]]},""legend"":{""_messages"":[],""exons/Introns"":{""utr"":{""label"":""#cd6839"",""default"":null,""class"":""eu"",""text"":""UTR""},""intron"":{""default"":null,""label"":""#aaaaaa"",""class"":""ei"",""text"":""Intron sequence""},""flanking"":{""text"":""Flanking sequence"",""default"":null,""label"":""#008000"",""class"":""ef""},""exon1"":{""label"":""#1044ee"",""default"":null,""class"":""e1"",""text"":""Translated sequence""}}},""expect"":[],""flourishes"":{}}}                gtaaaggtgttcagtgatcataaag..........ctaagtgacctttctctctccacag                "
"10","ENSE00002501713","118,484,862","118,484,975","0","0","114","                              {""url"":""/Homo_sapiens/Component/Transcript/Exons/exons?db=core;g=ENSG00000118058;r=11:118436456-118526832;t=ENST00000534358;time=1656085939123.123;adorn=only"",""provisional"":{""legend"":{""_messages"":[],""exons/Introns"":{""utr"":{""text"":""UTR"",""label"":""#cd6839"",""class"":""eu"",""default"":null},""intron"":{""text"":""Intron sequence"",""label"":""#aaaaaa"",""default"":null,""class"":""ei""},""flanking"":{""text"":""Flanking sequence"",""label"":""#008000"",""class"":""ef"",""default"":null},""exon1"":{""text"":""Translated sequence"",""class"":""e1"",""label"":""#1044ee"",""default"":null}}},""expect"":[],""flourishes"":{},""ref"":{""style"":[[0,""""],[0,""color:#1044ee""]]},""seq"":[{""style"":[1]},{""style"":[1,-53,0]}]}}                GAGGATTGTGAAGCAGAAAATGTGTGGGAGATGGGAGGCTTAGGAATCTTGACTTCTGTTCCTATAACACCCAGGGTGGTTTGCTTTCTCTGTGCCAGTAGTGGGCATGTAGAG                      "
" ","Intron 10-11","118,484,976","118,488,613","","","3,638","                              {""url"":""/Homo_sapiens/Component/Transcript/Exons/exons?db=core;g=ENSG00000118058;r=11:118436456-118526832;t=ENST00000534358;time=1656085939123.123;adorn=only"",""provisional"":{""ref"":{""style"":[[0,""""],[0,""color:#aaaaaa""]]},""seq"":[{""style"":[1]}],""expect"":[],""flourishes"":{},""legend"":{""_messages"":[],""exons/Introns"":{""utr"":{""class"":""eu"",""label"":""#cd6839"",""default"":null,""text"":""UTR""},""intron"":{""class"":""ei"",""label"":""#aaaaaa"",""default"":null,""text"":""Intron sequence""},""flanking"":{""label"":""#008000"",""class"":""ef"",""default"":null,""text"":""Flanking sequence""},""exon1"":{""text"":""Translated sequence"",""class"":""e1"",""label"":""#1044ee"",""default"":null}}}}}                gtaaggcatcctgcttctttgtacc..........ctatcttcccatgttcttactatag                "
"11","ENSE00002530654","118,488,614","118,488,760","0","0","147","                              {""url"":""/Homo_sapiens/Component/Transcript/Exons/exons?db=core;g=ENSG00000118058;r=11:118436456-118526832;t=ENST00000534358;time=1656085939123.123;adorn=only"",""provisional"":{""legend"":{""_messages"":[],""exons/Introns"":{""utr"":{""label"":""#cd6839"",""default"":null,""class"":""eu"",""text"":""UTR""},""intron"":{""text"":""Intron sequence"",""label"":""#aaaaaa"",""default"":null,""class"":""ei""},""flanking"":{""text"":""Flanking sequence"",""label"":""#008000"",""default"":null,""class"":""ef""},""exon1"":{""text"":""Translated sequence"",""label"":""#1044ee"",""class"":""e1"",""default"":null}}},""expect"":[],""flourishes"":{},""ref"":{""style"":[[0,""""],[0,""color:#1044ee""]]},""seq"":[{""style"":[1]},-1,{""style"":[1,-26,0]}]}}                TTTGTGTATTGCCAAGTCTGTTGTGAGCCCTTCCACAAGTTTTGTTTAGAGGAGAACGAGCGCCCTCTGGAGGACCAGCTGGAAAATTGGTGTTGTCGTCGTTGCAAATTCTGTCACGTTTGTGGAAGGCAACATCAGGCTACAAAG                                                 "
" ","Intron 11-12","118,488,761","118,489,791","","","1,031","                              {""provisional"":{""ref"":{""style"":[[0,""""],[0,""color:#aaaaaa""]]},""seq"":[{""style"":[1]}],""flourishes"":{},""expect"":[],""legend"":{""_messages"":[],""exons/Introns"":{""utr"":{""text"":""UTR"",""class"":""eu"",""label"":""#cd6839"",""default"":null},""intron"":{""class"":""ei"",""label"":""#aaaaaa"",""default"":null,""text"":""Intron sequence""},""flanking"":{""text"":""Flanking sequence"",""default"":null,""label"":""#008000"",""class"":""ef""},""exon1"":{""text"":""Translated sequence"",""label"":""#1044ee"",""class"":""e1"",""default"":null}}}},""url"":""/Homo_sapiens/Component/Transcript/Exons/exons?db=core;g=ENSG00000118058;r=11:118436456-118526832;t=ENST00000534358;time=1656085939123.123;adorn=only""}                gtacaaaacttggtaatagaactac..........tttttgccattatattttcttacag                "
"12","ENSE00002494273","118,489,792","118,489,887","0","0","96","                              {""provisional"":{""ref"":{""style"":[[0,""""],[0,""color:#1044ee""]]},""seq"":[{""style"":[1]},{""style"":[1,-35,0]}],""expect"":[],""flourishes"":{},""legend"":{""_messages"":[],""exons/Introns"":{""utr"":{""default"":null,""label"":""#cd6839"",""class"":""eu"",""text"":""UTR""},""intron"":{""label"":""#aaaaaa"",""default"":null,""class"":""ei"",""text"":""Intron sequence""},""flanking"":{""class"":""ef"",""label"":""#008000"",""default"":null,""text"":""Flanking sequence""},""exon1"":{""text"":""Translated sequence"",""default"":null,""label"":""#1044ee"",""class"":""e1""}}}},""url"":""/Homo_sapiens/Component/Transcript/Exons/exons?db=core;g=ENSG00000118058;r=11:118436456-118526832;t=ENST00000534358;time=1656085939123.123;adorn=only""}                CAGCTGCTGGAGTGTAATAAGTGCCGAAACAGCTATCACCCTGAGTGCCTGGGACCAAACTACCCCACCAAACCCACAAAGAAGAAGAAAGTCTGG                                        "
" ","Intron 12-13","118,489,888","118,490,128","","","241","                              {""url"":""/Homo_sapiens/Component/Transcript/Exons/exons?db=core;g=ENSG00000118058;r=11:118436456-118526832;t=ENST00000534358;time=1656085939123.123;adorn=only"",""provisional"":{""seq"":[{""style"":[1]}],""ref"":{""style"":[[0,""""],[0,""color:#aaaaaa""]]},""flourishes"":{},""expect"":[],""legend"":{""_messages"":[],""exons/Introns"":{""utr"":{""text"":""UTR"",""label"":""#cd6839"",""class"":""eu"",""default"":null},""intron"":{""class"":""ei"",""label"":""#aaaaaa"",""default"":null,""text"":""Intron sequence""},""flanking"":{""text"":""Flanking sequence"",""label"":""#008000"",""default"":null,""class"":""ef""},""exon1"":{""text"":""Translated sequence"",""label"":""#1044ee"",""class"":""e1"",""default"":null}}}}}                gtgagttatacacatgatgctcttt..........ttgaatttcttttcttcttttctag                "
"13","ENSE00002454686","118,490,129","118,490,249","0","1","121","                              {""provisional"":{""seq"":[{""style"":[1]},-1,{""style"":[1,0]}],""ref"":{""style"":[[0,""""],[0,""color:#1044ee""]]},""legend"":{""_messages"":[],""exons/Introns"":{""utr"":{""text"":""UTR"",""class"":""eu"",""label"":""#cd6839"",""default"":null},""intron"":{""text"":""Intron sequence"",""class"":""ei"",""label"":""#aaaaaa"",""default"":null},""flanking"":{""text"":""Flanking sequence"",""label"":""#008000"",""class"":""ef"",""default"":null},""exon1"":{""class"":""e1"",""label"":""#1044ee"",""default"":null,""text"":""Translated sequence""}}},""expect"":[],""flourishes"":{}},""url"":""/Homo_sapiens/Component/Transcript/Exons/exons?db=core;g=ENSG00000118058;r=11:118436456-118526832;t=ENST00000534358;time=1656085939123.123;adorn=only""}                ATCTGTACCAAGTGTGTTCGCTGTAAGAGCTGTGGATCCACAACTCCAGGCAAAGGGTGGGATGCACAGTGGTCTCATGATTTCTCACTGTGTCATGATTGCGCCAAGCTCTTTGCTAAAG                                                                           "
" ","Intron 13-14","118,490,250","118,491,195","","","946","                              {""provisional"":{""ref"":{""style"":[[0,""""],[0,""color:#aaaaaa""]]},""seq"":[{""style"":[1]}],""expect"":[],""flourishes"":{},""legend"":{""_messages"":[],""exons/Introns"":{""utr"":{""class"":""eu"",""label"":""#cd6839"",""default"":null,""text"":""UTR""},""intron"":{""text"":""Intron sequence"",""default"":null,""label"":""#aaaaaa"",""class"":""ei""},""flanking"":{""text"":""Flanking sequence"",""class"":""ef"",""label"":""#008000"",""default"":null},""exon1"":{""text"":""Translated sequence"",""label"":""#1044ee"",""class"":""e1"",""default"":null}}}},""url"":""/Homo_sapiens/Component/Transcript/Exons/exons?db=core;g=ENSG00000118058;r=11:118436456-118526832;t=ENST00000534358;time=1656085939123.123;adorn=only""}                gtacccaaaaaagccagttttgcca..........gctgtaaactttgctttgctttcag                "
"14","ENSE00002450307","118,491,196","118,491,318","1","1","123","                              {""url"":""/Homo_sapiens/Component/Transcript/Exons/exons?db=core;g=ENSG00000118058;r=11:118436456-118526832;t=ENST00000534358;time=1656085939123.123;adorn=only"",""provisional"":{""expect"":[],""flourishes"":{},""legend"":{""_messages"":[],""exons/Introns"":{""utr"":{""text"":""UTR"",""default"":null,""label"":""#cd6839"",""class"":""eu""},""intron"":{""text"":""Intron sequence"",""default"":null,""label"":""#aaaaaa"",""class"":""ei""},""flanking"":{""class"":""ef"",""label"":""#008000"",""default"":null,""text"":""Flanking sequence""},""exon1"":{""text"":""Translated sequence"",""label"":""#1044ee"",""default"":null,""class"":""e1""}}},""seq"":[{""style"":[1]},-1,{""style"":[1,-2,0]}],""ref"":{""style"":[[0,""""],[0,""color:#1044ee""]]}}}                GAAACTTCTGCCCTCTCTGTGACAAATGTTATGATGATGATGACTATGAGAGTAAGATGATGCAATGTGGAAAGTGTGATCGCTGGGTCCATTCCAAATGTGAGAATCTTTCAGGTACAGAAG                                                                         "
" ","Intron 14-15","118,491,319","118,491,743","","","425","                              {""provisional"":{""seq"":[{""style"":[1]}],""ref"":{""style"":[[0,""""],[0,""color:#aaaaaa""]]},""legend"":{""_messages"":[],""exons/Introns"":{""utr"":{""text"":""UTR"",""class"":""eu"",""label"":""#cd6839"",""default"":null},""intron"":{""text"":""Intron sequence"",""class"":""ei"",""label"":""#aaaaaa"",""default"":null},""flanking"":{""class"":""ef"",""label"":""#008000"",""default"":null,""text"":""Flanking sequence""},""exon1"":{""default"":null,""label"":""#1044ee"",""class"":""e1"",""text"":""Translated sequence""}}},""flourishes"":{},""expect"":[]},""url"":""/Homo_sapiens/Component/Transcript/Exons/exons?db=core;g=ENSG00000118058;r=11:118436456-118526832;t=ENST00000534358;time=1656085939123.123;adorn=only""}                gttggagtctttttatttcagtttt..........tcatggtaggtttttgttttcttag                "
"15","ENSE00002470749","118,491,744","118,491,928","1","0","185","                              {""provisional"":{""ref"":{""style"":[[0,""""],[0,""color:#1044ee""]]},""seq"":[{""style"":[1]},-2,{""style"":[1,-4,0]}],""flourishes"":{},""expect"":[],""legend"":{""_messages"":[],""exons/Introns"":{""utr"":{""text"":""UTR"",""label"":""#cd6839"",""class"":""eu"",""default"":null},""intron"":{""default"":null,""label"":""#aaaaaa"",""class"":""ei"",""text"":""Intron sequence""},""flanking"":{""text"":""Flanking sequence"",""default"":null,""label"":""#008000"",""class"":""ef""},""exon1"":{""class"":""e1"",""label"":""#1044ee"",""default"":null,""text"":""Translated sequence""}}}},""url"":""/Homo_sapiens/Component/Transcript/Exons/exons?db=core;g=ENSG00000118058;r=11:118436456-118526832;t=ENST00000534358;time=1656085939123.123;adorn=only""}                ATGAGATGTATGAGATTCTATCTAATCTGCCAGAAAGTGTGGCCTACACTTGTGTGAACTGTACTGAGCGGCACCCTGCAGAGTGGCGACTGGCCCTTGAAAAAGAGCTGCAGATTTCTCTGAAGCAAGTTCTGACAGCTTTGTTGAATTCTCGGACTACCAGCCATTTGCTACGCTACCGGCAG                                                                       "
" ","Intron 15-16","118,491,929","118,493,056","","","1,128","                              {""provisional"":{""legend"":{""_messages"":[],""exons/Introns"":{""utr"":{""text"":""UTR"",""label"":""#cd6839"",""default"":null,""class"":""eu""},""intron"":{""text"":""Intron sequence"",""label"":""#aaaaaa"",""default"":null,""class"":""ei""},""flanking"":{""text"":""Flanking sequence"",""label"":""#008000"",""default"":null,""class"":""ef""},""exon1"":{""label"":""#1044ee"",""class"":""e1"",""default"":null,""text"":""Translated sequence""}}},""flourishes"":{},""expect"":[],""ref"":{""style"":[[0,""""],[0,""color:#aaaaaa""]]},""seq"":[{""style"":[1]}]},""url"":""/Homo_sapiens/Component/Transcript/Exons/exons?db=core;g=ENSG00000118058;r=11:118436456-118526832;t=ENST00000534358;time=1656085939123.123;adorn=only""}                gtaggccaagtctcatttttttctg..........agcaacatatctttcctggcaatag                "
"16","ENSE00002465115","118,493,057","118,493,230","0","0","174","                              {""provisional"":{""seq"":[{""style"":[1]},-1,{""style"":[1,-53,0]}],""ref"":{""style"":[[0,""""],[0,""color:#1044ee""]]},""legend"":{""_messages"":[],""exons/Introns"":{""utr"":{""class"":""eu"",""label"":""#cd6839"",""default"":null,""text"":""UTR""},""intron"":{""text"":""Intron sequence"",""label"":""#aaaaaa"",""default"":null,""class"":""ei""},""flanking"":{""text"":""Flanking sequence"",""label"":""#008000"",""default"":null,""class"":""ef""},""exon1"":{""label"":""#1044ee"",""class"":""e1"",""default"":null,""text"":""Translated sequence""}}},""flourishes"":{},""expect"":[]},""url"":""/Homo_sapiens/Component/Transcript/Exons/exons?db=core;g=ENSG00000118058;r=11:118436456-118526832;t=ENST00000534358;time=1656085939123.123;adorn=only""}                GCTGCCAAGCCTCCAGACTTAAATCCCGAGACAGAGGAGAGTATACCTTCCCGCAGCTCCCCCGAAGGACCTGATCCACCAGTTCTTACTGAGGTCAGCAAACAGGATGATCAGCAGCCTTTAGATCTAGAAGGAGTCAAGAGGAAGATGGACCAAGGGAATTACACATCTGTG                      "
" ","Intron 16-17","118,493,231","118,494,287","","","1,057","                              {""provisional"":{""seq"":[{""style"":[1]}],""ref"":{""style"":[[0,""""],[0,""color:#aaaaaa""]]},""legend"":{""_messages"":[],""exons/Introns"":{""utr"":{""text"":""UTR"",""class"":""eu"",""label"":""#cd6839"",""default"":null},""intron"":{""text"":""Intron sequence"",""class"":""ei"",""label"":""#aaaaaa"",""default"":null},""flanking"":{""label"":""#008000"",""class"":""ef"",""default"":null,""text"":""Flanking sequence""},""exon1"":{""text"":""Translated sequence"",""label"":""#1044ee"",""default"":null,""class"":""e1""}}},""flourishes"":{},""expect"":[]},""url"":""/Homo_sapiens/Component/Transcript/Exons/exons?db=core;g=ENSG00000118058;r=11:118436456-118526832;t=ENST00000534358;time=1656085939123.123;adorn=only""}                gtatgtttctacagtgagccatcag..........attaacattttgtttttgtatacag                "
"17","ENSE00002506641","118,494,288","118,494,398","0","0","111","                              {""provisional"":{""legend"":{""_messages"":[],""exons/Introns"":{""utr"":{""text"":""UTR"",""label"":""#cd6839"",""default"":null,""class"":""eu""},""intron"":{""text"":""Intron sequence"",""default"":null,""label"":""#aaaaaa"",""class"":""ei""},""flanking"":{""label"":""#008000"",""default"":null,""class"":""ef"",""text"":""Flanking sequence""},""exon1"":{""text"":""Translated sequence"",""default"":null,""label"":""#1044ee"",""class"":""e1""}}},""flourishes"":{},""expect"":[],""ref"":{""style"":[[0,""""],[0,""color:#1044ee""]]},""seq"":[{""style"":[1]},{""style"":[1,-50,0]}]},""url"":""/Homo_sapiens/Component/Transcript/Exons/exons?db=core;g=ENSG00000118058;r=11:118436456-118526832;t=ENST00000534358;time=1656085939123.123;adorn=only""}                TTGGAGTTCAGTGATGATATTGTGAAGATCATTCAAGCAGCCATTAATTCAGATGGAGGACAGCCAGAAATTAAAAAAGCCAACAGCATGGTCAAGTCCTTCTTCATTCGG                         "
" ","Intron 17-18","118,494,399","118,494,693","","","295","                              {""url"":""/Homo_sapiens/Component/Transcript/Exons/exons?db=core;g=ENSG00000118058;r=11:118436456-118526832;t=ENST00000534358;time=1656085939123.123;adorn=only"",""provisional"":{""flourishes"":{},""expect"":[],""legend"":{""_messages"":[],""exons/Introns"":{""utr"":{""default"":null,""label"":""#cd6839"",""class"":""eu"",""text"":""UTR""},""intron"":{""text"":""Intron sequence"",""label"":""#aaaaaa"",""default"":null,""class"":""ei""},""flanking"":{""default"":null,""label"":""#008000"",""class"":""ef"",""text"":""Flanking sequence""},""exon1"":{""text"":""Translated sequence"",""label"":""#1044ee"",""default"":null,""class"":""e1""}}},""seq"":[{""style"":[1]}],""ref"":{""style"":[[0,""""],[0,""color:#aaaaaa""]]}}}                gtgaatgatattactaattcatgtt..........acattttgtttgtgttttcttttag                "
"18","ENSE00002484593","118,494,694","118,494,767","0","2","74","                              {""provisional"":{""flourishes"":{},""expect"":[],""legend"":{""_messages"":[],""exons/Introns"":{""utr"":{""text"":""UTR"",""default"":null,""label"":""#cd6839"",""class"":""eu""},""intron"":{""text"":""Intron sequence"",""default"":null,""label"":""#aaaaaa"",""class"":""ei""},""flanking"":{""text"":""Flanking sequence"",""label"":""#008000"",""class"":""ef"",""default"":null},""exon1"":{""label"":""#1044ee"",""class"":""e1"",""default"":null,""text"":""Translated sequence""}}},""ref"":{""style"":[[0,""""],[0,""color:#1044ee""]]},""seq"":[{""style"":[1]},{""style"":[1,-13,0]}]},""url"":""/Homo_sapiens/Component/Transcript/Exons/exons?db=core;g=ENSG00000118058;r=11:118436456-118526832;t=ENST00000534358;time=1656085939123.123;adorn=only""}                CAAATGGAACGTGTTTTTCCATGGTTCAGTGTCAAAAAGTCCAGGTTTTGGGAGCCAAATAAAGTATCAAGCAA                                                              "
" ","Intron 18-19","118,494,768","118,495,699","","","932","                              {""provisional"":{""seq"":[{""style"":[1]}],""ref"":{""style"":[[0,""""],[0,""color:#aaaaaa""]]},""flourishes"":{},""expect"":[],""legend"":{""_messages"":[],""exons/Introns"":{""utr"":{""text"":""UTR"",""label"":""#cd6839"",""class"":""eu"",""default"":null},""intron"":{""text"":""Intron sequence"",""label"":""#aaaaaa"",""default"":null,""class"":""ei""},""flanking"":{""text"":""Flanking sequence"",""class"":""ef"",""label"":""#008000"",""default"":null},""exon1"":{""label"":""#1044ee"",""default"":null,""class"":""e1"",""text"":""Translated sequence""}}}},""url"":""/Homo_sapiens/Component/Transcript/Exons/exons?db=core;g=ENSG00000118058;r=11:118436456-118526832;t=ENST00000534358;time=1656085939123.123;adorn=only""}                gtaagtgaatttagcataacttttt..........tgcttgttgaatcaattattttcag                "
"19","ENSE00002468871","118,495,700","118,495,893","2","1","194","                              {""provisional"":{""legend"":{""_messages"":[],""exons/Introns"":{""utr"":{""text"":""UTR"",""class"":""eu"",""label"":""#cd6839"",""default"":null},""intron"":{""class"":""ei"",""label"":""#aaaaaa"",""default"":null,""text"":""Intron sequence""},""flanking"":{""text"":""Flanking sequence"",""label"":""#008000"",""default"":null,""class"":""ef""},""exon1"":{""text"":""Translated sequence"",""class"":""e1"",""label"":""#1044ee"",""default"":null}}},""flourishes"":{},""expect"":[],""seq"":[{""style"":[1]},-2,{""style"":[1,-13,0]}],""ref"":{""style"":[[0,""""],[0,""color:#1044ee""]]}},""url"":""/Homo_sapiens/Component/Transcript/Exons/exons?db=core;g=ENSG00000118058;r=11:118436456-118526832;t=ENST00000534358;time=1656085939123.123;adorn=only""}                CAGTGGGATGTTACCAAACGCAGTGCTTCCACCTTCACTTGACCATAATTATGCTCAGTGGCAGGAGCGAGAGGAAAACAGCCACACTGAGCAGCCTCCTTTAATGAAGAAAATCATTCCAGCTCCCAAACCCAAAGGTCCTGGAGAACCAGACTCACCAACTCCTCTGCATCCTCCTACACCACCAATTTTGA                                                              "
" ","Intron 19-20","118,495,894","118,496,260","","","367","                              {""url"":""/Homo_sapiens/Component/Transcript/Exons/exons?db=core;g=ENSG00000118058;r=11:118436456-118526832;t=ENST00000534358;time=1656085939123.123;adorn=only"",""provisional"":{""expect"":[],""flourishes"":{},""legend"":{""_messages"":[],""exons/Introns"":{""utr"":{""class"":""eu"",""label"":""#cd6839"",""default"":null,""text"":""UTR""},""intron"":{""class"":""ei"",""label"":""#aaaaaa"",""default"":null,""text"":""Intron sequence""},""flanking"":{""text"":""Flanking sequence"",""label"":""#008000"",""default"":null,""class"":""ef""},""exon1"":{""text"":""Translated sequence"",""class"":""e1"",""label"":""#1044ee"",""default"":null}}},""seq"":[{""style"":[1]}],""ref"":{""style"":[[0,""""],[0,""color:#aaaaaa""]]}}}                gtaagccaccaaaaggagagtcgtc..........tgatgggagtcttttggatttcaag                "
"20","ENSE00002454976","118,496,261","118,496,367","1","0","107","                              {""provisional"":{""ref"":{""style"":[[0,""""],[0,""color:#1044ee""]]},""seq"":[{""style"":[1]},{""style"":[1,-46,0]}],""flourishes"":{},""expect"":[],""legend"":{""_messages"":[],""exons/Introns"":{""utr"":{""default"":null,""label"":""#cd6839"",""class"":""eu"",""text"":""UTR""},""intron"":{""label"":""#aaaaaa"",""class"":""ei"",""default"":null,""text"":""Intron sequence""},""flanking"":{""text"":""Flanking sequence"",""label"":""#008000"",""class"":""ef"",""default"":null},""exon1"":{""label"":""#1044ee"",""class"":""e1"",""default"":null,""text"":""Translated sequence""}}}},""url"":""/Homo_sapiens/Component/Transcript/Exons/exons?db=core;g=ENSG00000118058;r=11:118436456-118526832;t=ENST00000534358;time=1656085939123.123;adorn=only""}                GTACTGATAGGAGTCGAGAAGACAGTCCAGAGCTGAACCCACCCCCAGGCATAGAAGACAATAGACAGTGTGCGTTATGTTTGACTTATGGTGATGACAGTGCTAAT                             "
" ","Intron 20-21","118,496,368","118,497,935","","","1,568","                              {""url"":""/Homo_sapiens/Component/Transcript/Exons/exons?db=core;g=ENSG00000118058;r=11:118436456-118526832;t=ENST00000534358;time=1656085939123.123;adorn=only"",""provisional"":{""legend"":{""_messages"":[],""exons/Introns"":{""utr"":{""text"":""UTR"",""label"":""#cd6839"",""class"":""eu"",""default"":null},""intron"":{""text"":""Intron sequence"",""default"":null,""label"":""#aaaaaa"",""class"":""ei""},""flanking"":{""default"":null,""label"":""#008000"",""class"":""ef"",""text"":""Flanking sequence""},""exon1"":{""text"":""Translated sequence"",""label"":""#1044ee"",""class"":""e1"",""default"":null}}},""flourishes"":{},""expect"":[],""ref"":{""style"":[[0,""""],[0,""color:#aaaaaa""]]},""seq"":[{""style"":[1]}]}}                gtaagtactttgcaacacagggccc..........aaaaagaaatctctttattttatag                "
"21","ENSE00002500554","118,497,936","118,498,073","0","0","138","                              {""provisional"":{""ref"":{""style"":[[0,""""],[0,""color:#1044ee""]]},""seq"":[{""style"":[1]},-1,{""style"":[1,-17,0]}],""flourishes"":{},""expect"":[],""legend"":{""_messages"":[],""exons/Introns"":{""utr"":{""label"":""#cd6839"",""class"":""eu"",""default"":null,""text"":""UTR""},""intron"":{""label"":""#aaaaaa"",""class"":""ei"",""default"":null,""text"":""Intron sequence""},""flanking"":{""label"":""#008000"",""default"":null,""class"":""ef"",""text"":""Flanking sequence""},""exon1"":{""class"":""e1"",""label"":""#1044ee"",""default"":null,""text"":""Translated sequence""}}}},""url"":""/Homo_sapiens/Component/Transcript/Exons/exons?db=core;g=ENSG00000118058;r=11:118436456-118526832;t=ENST00000534358;time=1656085939123.123;adorn=only""}                GATGCTGGTCGTTTACTATATATTGGCCAAAATGAGTGGACACATGTAAATTGTGCTTTGTGGTCAGCGGAAGTGTTTGAAGATGATGACGGATCACTAAAGAATGTGCATATGGCTGTGATCAGGGGCAAGCAGCTG                                                          "
" ","Intron 21-22","118,498,074","118,498,369","","","296","                              {""url"":""/Homo_sapiens/Component/Transcript/Exons/exons?db=core;g=ENSG00000118058;r=11:118436456-118526832;t=ENST00000534358;time=1656085939123.123;adorn=only"",""provisional"":{""flourishes"":{},""expect"":[],""legend"":{""_messages"":[],""exons/Introns"":{""utr"":{""class"":""eu"",""label"":""#cd6839"",""default"":null,""text"":""UTR""},""intron"":{""default"":null,""label"":""#aaaaaa"",""class"":""ei"",""text"":""Intron sequence""},""flanking"":{""text"":""Flanking sequence"",""label"":""#008000"",""class"":""ef"",""default"":null},""exon1"":{""text"":""Translated sequence"",""class"":""e1"",""label"":""#1044ee"",""default"":null}}},""seq"":[{""style"":[1]}],""ref"":{""style"":[[0,""""],[0,""color:#aaaaaa""]]}}}                gtaagaccttatgggtaaattttat..........gactctgttctttttggatttttag                "
"22","ENSE00002487680","118,498,370","118,498,528","0","0","159","                              {""url"":""/Homo_sapiens/Component/Transcript/Exons/exons?db=core;g=ENSG00000118058;r=11:118436456-118526832;t=ENST00000534358;time=1656085939123.123;adorn=only"",""provisional"":{""ref"":{""style"":[[0,""""],[0,""color:#1044ee""]]},""seq"":[{""style"":[1]},-1,{""style"":[1,-38,0]}],""flourishes"":{},""expect"":[],""legend"":{""_messages"":[],""exons/Introns"":{""utr"":{""text"":""UTR"",""default"":null,""label"":""#cd6839"",""class"":""eu""},""intron"":{""text"":""Intron sequence"",""label"":""#aaaaaa"",""default"":null,""class"":""ei""},""flanking"":{""text"":""Flanking sequence"",""class"":""ef"",""label"":""#008000"",""default"":null},""exon1"":{""text"":""Translated sequence"",""default"":null,""label"":""#1044ee"",""class"":""e1""}}}}}                AGATGTGAATTCTGCCAAAAGCCAGGAGCCACCGTGGGTTGCTGTCTCACATCCTGCACCAGCAACTATCACTTCATGTGTTCCCGAGCCAAGAACTGTGTCTTTCTGGATGATAAAAAAGTATATTGCCAACGACATCGGGATTTGATCAAAGGCGAA                                     "
" ","Intron 22-23","118,498,529","118,499,302","","","774","                              {""provisional"":{""seq"":[{""style"":[1]}],""ref"":{""style"":[[0,""""],[0,""color:#aaaaaa""]]},""legend"":{""_messages"":[],""exons/Introns"":{""utr"":{""label"":""#cd6839"",""default"":null,""class"":""eu"",""text"":""UTR""},""intron"":{""class"":""ei"",""label"":""#aaaaaa"",""default"":null,""text"":""Intron sequence""},""flanking"":{""label"":""#008000"",""default"":null,""class"":""ef"",""text"":""Flanking sequence""},""exon1"":{""class"":""e1"",""label"":""#1044ee"",""default"":null,""text"":""Translated sequence""}}},""flourishes"":{},""expect"":[]},""url"":""/Homo_sapiens/Component/Transcript/Exons/exons?db=core;g=ENSG00000118058;r=11:118436456-118526832;t=ENST00000534358;time=1656085939123.123;adorn=only""}                gtgagagagctttagttgctttaaa..........acagctaccatgggttttatttaag                "
"23","ENSE00002477737","118,499,303","118,499,420","0","1","118","                              {""provisional"":{""seq"":[{""style"":[1]},{""style"":[1,-57,0]}],""ref"":{""style"":[[0,""""],[0,""color:#1044ee""]]},""expect"":[],""flourishes"":{},""legend"":{""_messages"":[],""exons/Introns"":{""utr"":{""label"":""#cd6839"",""default"":null,""class"":""eu"",""text"":""UTR""},""intron"":{""text"":""Intron sequence"",""label"":""#aaaaaa"",""default"":null,""class"":""ei""},""flanking"":{""text"":""Flanking sequence"",""class"":""ef"",""label"":""#008000"",""default"":null},""exon1"":{""default"":null,""label"":""#1044ee"",""class"":""e1"",""text"":""Translated sequence""}}}},""url"":""/Homo_sapiens/Component/Transcript/Exons/exons?db=core;g=ENSG00000118058;r=11:118436456-118526832;t=ENST00000534358;time=1656085939123.123;adorn=only""}                GTGGTTCCTGAGAATGGATTTGAAGTTTTCAGAAGAGTGTTTGTGGACTTTGAAGGAATCAGCTTGAGAAGGAAGTTTCTCAATGGCTTGGAACCAGAAAATATCCACATGATGATTG                  "
" ","Intron 23-24","118,499,421","118,499,834","","","414","                              {""url"":""/Homo_sapiens/Component/Transcript/Exons/exons?db=core;g=ENSG00000118058;r=11:118436456-118526832;t=ENST00000534358;time=1656085939123.123;adorn=only"",""provisional"":{""legend"":{""_messages"":[],""exons/Introns"":{""utr"":{""default"":null,""label"":""#cd6839"",""class"":""eu"",""text"":""UTR""},""intron"":{""default"":null,""label"":""#aaaaaa"",""class"":""ei"",""text"":""Intron sequence""},""flanking"":{""label"":""#008000"",""class"":""ef"",""default"":null,""text"":""Flanking sequence""},""exon1"":{""default"":null,""label"":""#1044ee"",""class"":""e1"",""text"":""Translated sequence""}}},""flourishes"":{},""expect"":[],""seq"":[{""style"":[1]}],""ref"":{""style"":[[0,""""],[0,""color:#aaaaaa""]]}}}                gtatgacctagccttggttattggg..........aatcggttcttctttccttggtcag                "
"24","ENSE00002434743","118,499,835","118,499,913","1","2","79","                              {""provisional"":{""flourishes"":{},""expect"":[],""legend"":{""_messages"":[],""exons/Introns"":{""utr"":{""text"":""UTR"",""default"":null,""label"":""#cd6839"",""class"":""eu""},""intron"":{""label"":""#aaaaaa"",""default"":null,""class"":""ei"",""text"":""Intron sequence""},""flanking"":{""text"":""Flanking sequence"",""default"":null,""label"":""#008000"",""class"":""ef""},""exon1"":{""text"":""Translated sequence"",""default"":null,""label"":""#1044ee"",""class"":""e1""}}},""ref"":{""style"":[[0,""""],[0,""color:#1044ee""]]},""seq"":[{""style"":[1]},{""style"":[1,-18,0]}]},""url"":""/Homo_sapiens/Component/Transcript/Exons/exons?db=core;g=ENSG00000118058;r=11:118436456-118526832;t=ENST00000534358;time=1656085939123.123;adorn=only""}                GGTCTATGACAATCGACTGCTTAGGAATTCTAAATGATCTCTCCGACTGTGAAGATAAGCTCTTTCCTATTGGATATCA                                                         "
" ","Intron 24-25","118,499,914","118,500,986","","","1,073","                              {""provisional"":{""ref"":{""style"":[[0,""""],[0,""color:#aaaaaa""]]},""seq"":[{""style"":[1]}],""expect"":[],""flourishes"":{},""legend"":{""_messages"":[],""exons/Introns"":{""utr"":{""text"":""UTR"",""label"":""#cd6839"",""default"":null,""class"":""eu""},""intron"":{""text"":""Intron sequence"",""default"":null,""label"":""#aaaaaa"",""class"":""ei""},""flanking"":{""class"":""ef"",""label"":""#008000"",""default"":null,""text"":""Flanking sequence""},""exon1"":{""label"":""#1044ee"",""class"":""e1"",""default"":null,""text"":""Translated sequence""}}}},""url"":""/Homo_sapiens/Component/Transcript/Exons/exons?db=core;g=ENSG00000118058;r=11:118436456-118526832;t=ENST00000534358;time=1656085939123.123;adorn=only""}                gtaagtagcactataaagagaagag..........gattttcccaaatctgtttacccag                "
"25","ENSE00002479210","118,500,987","118,501,147","2","1","161","                              {""url"":""/Homo_sapiens/Component/Transcript/Exons/exons?db=core;g=ENSG00000118058;r=11:118436456-118526832;t=ENST00000534358;time=1656085939123.123;adorn=only"",""provisional"":{""seq"":[{""style"":[1]},-1,{""style"":[1,-40,0]}],""ref"":{""style"":[[0,""""],[0,""color:#1044ee""]]},""legend"":{""_messages"":[],""exons/Introns"":{""utr"":{""class"":""eu"",""label"":""#cd6839"",""default"":null,""text"":""UTR""},""intron"":{""text"":""Intron sequence"",""label"":""#aaaaaa"",""class"":""ei"",""default"":null},""flanking"":{""label"":""#008000"",""default"":null,""class"":""ef"",""text"":""Flanking sequence""},""exon1"":{""text"":""Translated sequence"",""default"":null,""label"":""#1044ee"",""class"":""e1""}}},""flourishes"":{},""expect"":[]}}                GTGTTCCAGGGTATACTGGAGCACCACAGATGCTCGCAAGCGCTGTGTATATACATGCAAGATAGTGGAGTGCCGTCCTCCAGTCGTAGAGCCGGATATCAACAGCACTGTTGAACATGATGAAAACAGGACCATTGCCCATAGTCCAACATCTTTTACAG                                   "
" ","Intron 25-26","118,501,148","118,501,671","","","524","                              {""url"":""/Homo_sapiens/Component/Transcript/Exons/exons?db=core;g=ENSG00000118058;r=11:118436456-118526832;t=ENST00000534358;time=1656085939123.123;adorn=only"",""provisional"":{""ref"":{""style"":[[0,""""],[0,""color:#aaaaaa""]]},""seq"":[{""style"":[1]}],""legend"":{""_messages"":[],""exons/Introns"":{""utr"":{""text"":""UTR"",""default"":null,""label"":""#cd6839"",""class"":""eu""},""intron"":{""text"":""Intron sequence"",""class"":""ei"",""label"":""#aaaaaa"",""default"":null},""flanking"":{""label"":""#008000"",""default"":null,""class"":""ef"",""text"":""Flanking sequence""},""exon1"":{""text"":""Translated sequence"",""label"":""#1044ee"",""class"":""e1"",""default"":null}}},""flourishes"":{},""expect"":[]}}                gttagtcttgaatcaagatgggact..........taagagtttttatttcctgccacag                "
"26","ENSE00003693525","118,501,672","118,501,857","1","1","186","                              {""provisional"":{""legend"":{""_messages"":[],""exons/Introns"":{""utr"":{""label"":""#cd6839"",""class"":""eu"",""default"":null,""text"":""UTR""},""intron"":{""class"":""ei"",""label"":""#aaaaaa"",""default"":null,""text"":""Intron sequence""},""flanking"":{""label"":""#008000"",""class"":""ef"",""default"":null,""text"":""Flanking sequence""},""exon1"":{""label"":""#1044ee"",""default"":null,""class"":""e1"",""text"":""Translated sequence""}}},""expect"":[],""flourishes"":{},""ref"":{""style"":[[0,""""],[0,""color:#1044ee""]]},""seq"":[{""style"":[1]},-2,{""style"":[1,-5,0]}]},""url"":""/Homo_sapiens/Component/Transcript/Exons/exons?db=core;g=ENSG00000118058;r=11:118436456-118526832;t=ENST00000534358;time=1656085939123.123;adorn=only""}                AAAGTTCATCAAAAGAGAGTCAAAACACAGCTGAAATTATAAGTCCTCCATCACCAGACCGACCTCCTCATTCACAAACCTCTGGCTCCTGTTATTATCATGTCATCTCAAAGGTCCCCAGGATTCGAACACCCAGTTATTCTCCAACACAGAGATCCCCTGGCTGTCGACCGTTGCCTTCTGCAG                                                                      "
" ","Intron 26-27","118,501,858","118,502,397","","","540","                              {""provisional"":{""seq"":[{""style"":[1]}],""ref"":{""style"":[[0,""""],[0,""color:#aaaaaa""]]},""flourishes"":{},""expect"":[],""legend"":{""_messages"":[],""exons/Introns"":{""utr"":{""text"":""UTR"",""class"":""eu"",""label"":""#cd6839"",""default"":null},""intron"":{""text"":""Intron sequence"",""default"":null,""label"":""#aaaaaa"",""class"":""ei""},""flanking"":{""label"":""#008000"",""class"":""ef"",""default"":null,""text"":""Flanking sequence""},""exon1"":{""text"":""Translated sequence"",""class"":""e1"",""label"":""#1044ee"",""default"":null}}}},""url"":""/Homo_sapiens/Component/Transcript/Exons/exons?db=core;g=ENSG00000118058;r=11:118436456-118526832;t=ENST00000534358;time=1656085939123.123;adorn=only""}                gtaaaagactttattgacctacttg..........ttattactttttctctcttgtttag                "
"27","ENSE00002534007","118,502,398","118,506,646","1","2","4,249","                              {""url"":""/Homo_sapiens/Component/Transcript/Exons/exons?db=core;g=ENSG00000118058;r=11:118436456-118526832;t=ENST00000534358;time=1656085939123.123;adorn=only"",""provisional"":{""seq"":[{""style"":[1]},-69,{""style"":[1,-48,0]}],""ref"":{""style"":[[0,""""],[0,""color:#1044ee""]]},""expect"":[],""flourishes"":{},""legend"":{""_messages"":[],""exons/Introns"":{""utr"":{""text"":""UTR"",""class"":""eu"",""label"":""#cd6839"",""default"":null},""intron"":{""label"":""#aaaaaa"",""class"":""ei"",""default"":null,""text"":""Intron sequence""},""flanking"":{""label"":""#008000"",""class"":""ef"",""default"":null,""text"":""Flanking sequence""},""exon1"":{""default"":null,""label"":""#1044ee"",""class"":""e1"",""text"":""Translated sequence""}}}}}                GAAGTCCTACCCCAACCACTCATGAAATAGTCACAGTAGGTGATCCTTTACTCTCCTCTGGACTTCGAAGCATTGGCTCCAGGCGTCACAGTACCTCTTCCTTATCACCCCAGCGGTCCAAACTCCGGATAATGTCTCCAATGAGAACTGGGAATACTTACTCTAGGAATAATGTTTCCTCAGTCTCCACCACCGGGACCGCTACTGATCTTGAATCAAGTGCCAAAGTAGTTGATCATGTCTTAGGGCCACTGAATTCAAGTACTAGTTTAGGGCAAAACACTTCCACCTCTTCAAATTTGCAAAGGACAGTGGTTACTGTAGGCAATAAAAACAGTCACTTGGATGGATCTTCATCTTCAGAAATGAAGCAGTCCAGTGCTTCAGACTTGGTGTCCAAGAGCTCCTCTTTAAAGGGAGAGAAGACCAAAGTGCTGAGTTCCAAGAGCTCAGAGGGATCTGCACATAATGTGGCTTACCCTGGAATTCCTAAACTGGCCCCACAGGTTCATAACACAACATCTAGAGAACTGAATGTTAGTAAAATCGGCTCCTTTGCTGAACCCTCTTCAGTGTCGTTTTCTTCTAAAGAGGCCCTCTCCTTCCCACACCTCCATTTGAGAGGGCAAAGGAATGATCGAGACCAACACACAGATTCTACCCAATCAGCAAACTCCTCTCCAGATGAAGATACTGAAGTCAAAACCTTGAAGCTATCTGGAATGAGCAACAGATCATCCATTATCAACGAACATATGGGATCTAGTTCCAGAGATAGGAGACAGAAAGGGAAAAAATCCTGTAAAGAAACTTTCAAAGAAAAGCATTCCAGTAAATCTTTTTTGGAACCTGGTCAGGTGACAACTGGTGAGGAAGGAAACTTGAAGCCAGAGTTTATGGATGAGGTTTTGACTCCTGAGTATATGGGCCAACGACCATGTAACAATGTTTCTTCTGATAAGATTGGTGATAAAGGCCTTTCTATGCCAGGAGTCCCCAAAGCTCCACCCATGCAAGTAGAAGGATCTGCCAAGGAATTACAGGCACCACGGAAACGCACAGTCAAAGTGACACTGACACCTCTAAAAATGGAAAATGAGAGTCAATCCAAAAATGCCCTGAAAGAAAGTAGTCCTGCTTCCCCTTTGCAAATAGAGTCAACATCTCCCACAGAACCAATTTCAGCCTCTGAAAATCCAGGAGATGGTCCAGTGGCCCAACCAAGCCCCAATAATACCTCATGCCAGGATTCTCAAAGTAACAACTATCAGAATCTTCCAGTACAGGACAGAAACCTAATGCTTCCAGATGGCCCCAAACCTCAGGAGGATGGCTCTTTTAAAAGGAGGTATCCCCGTCGCAGTGCCCGTGCACGTTCTAACATGTTTTTTGGGCTTACCCCACTCTATGGAGTAAGATCCTATGGTGAAGAAGACATTCCATTCTACAGCAGCTCAACTGGGAAGAAGCGAGGCAAGAGATCAGCTGAAGGACAGGTGGATGGGGCCGATGACTTAAGCACTTCAGATGAAGACGACTTATACTATTACAACTTCACTAGAACAGTGATTTCTTCAGGTGGAGAGGAACGACTGGCATCCCATAATTTATTTCGGGAGGAGGAACAGTGTGATCTTCCAAAAATCTCACAGTTGGATGGTGTTGATGATGGGACAGAGAGTGATACTAGTGTCACAGCCACAACAAGGAAAAGCAGCCAGATTCCAAAAAGAAATGGTAAAGAAAATGGAACAGAGAACTTAAAGATTGATAGACCTGAAGATGCTGGGGAGAAAGAACATGTCACTAAGAGTTCTGTTGGCCACAAAAATGAGCCAAAGATGGATAACTGCCATTCTGTAAGCAGAGTTAAAACACAGGGACAAGATTCCTTGGAAGCTCAGCTCAGCTCATTGGAGTCAAGCCGCAGAGTCCACACAAGTACCCCCTCCGACAAAAATTTACTGGACACCTATAATACTGAGCTCCTGAAATCAGATTCAGACAATAACAACAGTGATGACTGTGGGAATATCCTGCCTTCAGACATTATGGACTTTGTACTAAAGAATACTCCATCCATGCAGGCTTTGGGTGAGAGCCCAGAGTCATCTTCATCAGAACTCCTGAATCTTGGTGAAGGATTGGGTCTTGACAGTAATCGTGAAAAAGACATGGGTCTTTTTGAAGTATTTTCTCAGCAGCTGCCTACAACAGAACCTGTGGATAGTAGTGTCTCTTCCTCTATCTCAGCAGAGGAACAGTTTGAGTTGCCTCTAGAGCTACCATCTGATCTGTCTGTCTTGACCACCCGGAGTCCCACTGTCCCCAGCCAGAATCCCAGTAGACTAGCTGTTATCTCAGACTCAGGGGAGAAGAGAGTAACCATCACAGAAAAATCTGTAGCCTCCTCTGAAAGTGACCCAGCACTGCTGAGCCCAGGAGTAGATCCAACTCCTGAAGGCCACATGACTCCTGATCATTTTATCCAAGGACACATGGATGCAGACCACATCTCTAGCCCTCCTTGTGGTTCAGTAGAGCAAGGTCATGGCAACAATCAGGATTTAACTAGGAACAGTAGCACCCCTGGCCTTCAGGTACCTGTTTCCCCAACTGTTCCCATCCAGAACCAGAAGTATGTGCCCAATTCTACTGATAGTCCTGGCCCGTCTCAGATTTCCAATGCAGCTGTCCAGACCACTCCACCCCACCTGAAGCCAGCCACTGAGAAACTCATAGTTGTTAACCAGAACATGCAGCCACTTTATGTTCTCCAAACTCTTCCAAATGGAGTGACCCAAAAAATCCAATTGACCTCTTCTGTTAGTTCTACACCCAGTGTGATGGAGACAAATACTTCAGTATTGGGACCCATGGGAGGTGGTCTCACCCTTACCACAGGACTAAATCCAAGCTTGCCAACTTCTCAATCTTTGTTCCCTTCTGCTAGCAAAGGATTGCTACCCATGTCTCATCACCAGCACTTACATTCCTTCCCTGCAGCTACTCAAAGTAGTTTCCCACCAAACATCAGCAATCCTCCTTCAGGCCTGCTTATTGGGGTTCAGCCTCCTCCGGATCCCCAACTTTTGGTTTCAGAATCCAGCCAGAGGACAGACCTCAGTACCACAGTAGCCACTCCATCCTCTGGACTCAAGAAAAGACCCATATCTCGTCTACAGACCCGAAAGAATAAAAAACTTGCTCCCTCTAGTACCCCTTCAAACATTGCCCCTTCTGATGTGGTTTCTAATATGACATTGATTAACTTCACACCCTCCCAGCTTCCTAATCATCCAAGTCTGTTAGATTTGGGGTCACTTAATACTTCATCTCACCGAACTGTCCCCAACATCATAAAAAGATCTAAATCTAGCATCATGTATTTTGAACCGGCACCCCTGTTACCACAGAGTGTGGGAGGAACTGCTGCCACAGCGGCAGGCACATCAACAATAAGCCAGGATACTAGCCACCTCACATCAGGGTCTGTGTCTGGCTTGGCATCCAGTTCCTCTGTCTTGAATGTTGTATCCATGCAAACTACCACAACCCCTACAAGTAGTGCGTCAGTTCCAGGACACGTCACCTTAACCAACCCAAGGTTGCTTGGTACCCCAGATATTGGCTCAATAAGCAATCTTTTAATCAAAGCTAGCCAGCAGAGCCTGGGGATTCAGGACCAGCCTGTGGCTTTACCGCCAAGTTCAGGAATGTTTCCACAACTGGGGACATCACAGACCCCCTCTACTGCTGCAATAACAGCGGCATCTAGCATCTGTGTGCTCCCCTCCACTCAGACTACGGGCATAACAGCCGCTTCACCTTCTGGGGAAGCAGACGAACACTATCAGCTTCAGCATGTGAACCAGCTCCTTGCCAGCAAAACTGGGATTCATTCTTCCCAGCGTGATCTTGATTCTGCTTCAGGGCCCCAGGTATCCAACTTTACCCAGACGGTAGACGCTCCTAATAGCATGGGACTGGAGCAGAACAAGGCTTTATCCTCAGCTGTGCAAGCCAGCCCCACCTCTCCTGGGGGTTCTCCATCCTCTCCATCTTCTGGACAGCGGTCAGCAAGCCCTTCAGTGCCGGGTCCCACTAAACCCAAACCAAAAACCAAACGGTTTCAGCTGCCTCTAGACAAAGGGAATGGCAAGAAGCACAAAGTTTCCCATTTGCGGACCAGTTCTTCTGAAGCACACATTCCAGACCAAGAAACGACATCCCTGACCTCAGGCACAGG                           "
" ","Intron 27-28","118,506,647","118,507,528","","","882","                              {""provisional"":{""seq"":[{""style"":[1]}],""ref"":{""style"":[[0,""""],[0,""color:#aaaaaa""]]},""expect"":[],""flourishes"":{},""legend"":{""_messages"":[],""exons/Introns"":{""utr"":{""text"":""UTR"",""label"":""#cd6839"",""class"":""eu"",""default"":null},""intron"":{""text"":""Intron sequence"",""default"":null,""label"":""#aaaaaa"",""class"":""ei""},""flanking"":{""text"":""Flanking sequence"",""class"":""ef"",""label"":""#008000"",""default"":null},""exon1"":{""label"":""#1044ee"",""class"":""e1"",""default"":null,""text"":""Translated sequence""}}}},""url"":""/Homo_sapiens/Component/Transcript/Exons/exons?db=core;g=ENSG00000118058;r=11:118436456-118526832;t=ENST00000534358;time=1656085939123.123;adorn=only""}                gtgagagatccaaatactagctagg..........aaagatacaaatgcctgtgttccag                "
"28","ENSE00002474419","118,507,529","118,507,609","2","2","81","                              {""url"":""/Homo_sapiens/Component/Transcript/Exons/exons?db=core;g=ENSG00000118058;r=11:118436456-118526832;t=ENST00000534358;time=1656085939123.123;adorn=only"",""provisional"":{""ref"":{""style"":[[0,""""],[0,""color:#1044ee""]]},""seq"":[{""style"":[1]},{""style"":[1,-20,0]}],""legend"":{""_messages"":[],""exons/Introns"":{""utr"":{""class"":""eu"",""label"":""#cd6839"",""default"":null,""text"":""UTR""},""intron"":{""default"":null,""label"":""#aaaaaa"",""class"":""ei"",""text"":""Intron sequence""},""flanking"":{""text"":""Flanking sequence"",""label"":""#008000"",""default"":null,""class"":""ef""},""exon1"":{""label"":""#1044ee"",""class"":""e1"",""default"":null,""text"":""Translated sequence""}}},""expect"":[],""flourishes"":{}}}                GACTCCAGGAGCAGAGGCTGAGCAGCAGGATACAGCTAGCGTGGAGCAGTCCTCCCAGAAGGAGTGTGGGCAACCTGCAGG                                                       "
" ","Intron 28-29","118,507,610","118,509,135","","","1,526","                              {""url"":""/Homo_sapiens/Component/Transcript/Exons/exons?db=core;g=ENSG00000118058;r=11:118436456-118526832;t=ENST00000534358;time=1656085939123.123;adorn=only"",""provisional"":{""legend"":{""_messages"":[],""exons/Introns"":{""utr"":{""text"":""UTR"",""label"":""#cd6839"",""class"":""eu"",""default"":null},""intron"":{""class"":""ei"",""label"":""#aaaaaa"",""default"":null,""text"":""Intron sequence""},""flanking"":{""text"":""Flanking sequence"",""class"":""ef"",""label"":""#008000"",""default"":null},""exon1"":{""text"":""Translated sequence"",""label"":""#1044ee"",""default"":null,""class"":""e1""}}},""flourishes"":{},""expect"":[],""seq"":[{""style"":[1]}],""ref"":{""style"":[[0,""""],[0,""color:#aaaaaa""]]}}}                gtaagctgaagaattcgtcttttaa..........tatcttacatttggtttttatttag                "
"29","ENSE00002441772","118,509,136","118,509,200","2","1","65","                              {""url"":""/Homo_sapiens/Component/Transcript/Exons/exons?db=core;g=ENSG00000118058;r=11:118436456-118526832;t=ENST00000534358;time=1656085939123.123;adorn=only"",""provisional"":{""expect"":[],""flourishes"":{},""legend"":{""_messages"":[],""exons/Introns"":{""utr"":{""text"":""UTR"",""class"":""eu"",""label"":""#cd6839"",""default"":null},""intron"":{""text"":""Intron sequence"",""label"":""#aaaaaa"",""class"":""ei"",""default"":null},""flanking"":{""text"":""Flanking sequence"",""default"":null,""label"":""#008000"",""class"":""ef""},""exon1"":{""default"":null,""label"":""#1044ee"",""class"":""e1"",""text"":""Translated sequence""}}},""seq"":[{""style"":[1]},{""style"":[1,-4,0]}],""ref"":{""style"":[[0,""""],[0,""color:#1044ee""]]}}}                GCAAGTCGCTGTTCTTCCGGAAGTTCAGGTGACCCAAAATCCAGCAAATGAACAAGAAAGTGCAG                                                                       "
" ","Intron 29-30","118,509,201","118,509,947","","","747","                              {""url"":""/Homo_sapiens/Component/Transcript/Exons/exons?db=core;g=ENSG00000118058;r=11:118436456-118526832;t=ENST00000534358;time=1656085939123.123;adorn=only"",""provisional"":{""expect"":[],""flourishes"":{},""legend"":{""_messages"":[],""exons/Introns"":{""utr"":{""default"":null,""label"":""#cd6839"",""class"":""eu"",""text"":""UTR""},""intron"":{""label"":""#aaaaaa"",""default"":null,""class"":""ei"",""text"":""Intron sequence""},""flanking"":{""text"":""Flanking sequence"",""label"":""#008000"",""default"":null,""class"":""ef""},""exon1"":{""text"":""Translated sequence"",""label"":""#1044ee"",""default"":null,""class"":""e1""}}},""seq"":[{""style"":[1]}],""ref"":{""style"":[[0,""""],[0,""color:#aaaaaa""]]}}}                gtatgtgggtgggtaaaaggttaga..........ccactatctattttctccctattag                "
"30","ENSE00002459456","118,509,948","118,510,118","1","1","171","                              {""url"":""/Homo_sapiens/Component/Transcript/Exons/exons?db=core;g=ENSG00000118058;r=11:118436456-118526832;t=ENST00000534358;time=1656085939123.123;adorn=only"",""provisional"":{""seq"":[{""style"":[1]},-1,{""style"":[1,-50,0]}],""ref"":{""style"":[[0,""""],[0,""color:#1044ee""]]},""flourishes"":{},""expect"":[],""legend"":{""_messages"":[],""exons/Introns"":{""utr"":{""label"":""#cd6839"",""class"":""eu"",""default"":null,""text"":""UTR""},""intron"":{""text"":""Intron sequence"",""label"":""#aaaaaa"",""default"":null,""class"":""ei""},""flanking"":{""text"":""Flanking sequence"",""default"":null,""label"":""#008000"",""class"":""ef""},""exon1"":{""class"":""e1"",""label"":""#1044ee"",""default"":null,""text"":""Translated sequence""}}}}}                AACCTAAAACAGTGGAAGAAGAGGAAAGTAATTTCAGCTCCCCACTGATGCTTTGGCTTCAGCAAGAACAAAAGCGGAAGGAAAGCATTACTGAGAAAAAACCCAAGAAAGGACTTGTTTTTGAAATTTCCAGTGATGATGGCTTTCAGATCTGTGCAGAAAGTATTGAAG                         "
" ","Intron 30-31","118,510,119","118,511,950","","","1,832","                              {""provisional"":{""legend"":{""_messages"":[],""exons/Introns"":{""utr"":{""text"":""UTR"",""label"":""#cd6839"",""default"":null,""class"":""eu""},""intron"":{""text"":""Intron sequence"",""label"":""#aaaaaa"",""default"":null,""class"":""ei""},""flanking"":{""class"":""ef"",""label"":""#008000"",""default"":null,""text"":""Flanking sequence""},""exon1"":{""text"":""Translated sequence"",""label"":""#1044ee"",""class"":""e1"",""default"":null}}},""expect"":[],""flourishes"":{},""ref"":{""style"":[[0,""""],[0,""color:#aaaaaa""]]},""seq"":[{""style"":[1]}]},""url"":""/Homo_sapiens/Component/Transcript/Exons/exons?db=core;g=ENSG00000118058;r=11:118436456-118526832;t=ENST00000534358;time=1656085939123.123;adorn=only""}                gtgagtggattaaatcaggttgacc..........acgggttttctttatttcctttcag                "
"31","ENSE00002456578","118,511,951","118,512,025","1","1","75","                              {""url"":""/Homo_sapiens/Component/Transcript/Exons/exons?db=core;g=ENSG00000118058;r=11:118436456-118526832;t=ENST00000534358;time=1656085939123.123;adorn=only"",""provisional"":{""legend"":{""_messages"":[],""exons/Introns"":{""utr"":{""default"":null,""label"":""#cd6839"",""class"":""eu"",""text"":""UTR""},""intron"":{""text"":""Intron sequence"",""default"":null,""label"":""#aaaaaa"",""class"":""ei""},""flanking"":{""text"":""Flanking sequence"",""label"":""#008000"",""class"":""ef"",""default"":null},""exon1"":{""text"":""Translated sequence"",""default"":null,""label"":""#1044ee"",""class"":""e1""}}},""expect"":[],""flourishes"":{},""seq"":[{""style"":[1]},{""style"":[1,-14,0]}],""ref"":{""style"":[[0,""""],[0,""color:#1044ee""]]}}}                ATGCCTGGAAGTCATTGACAGATAAAGTCCAGGAAGCTCGATCAAATGCCCGCCTAAAGCAGCTCTCATTTGCAG                                                             "
" ","Intron 31-32","118,512,026","118,519,617","","","7,592","                              {""provisional"":{""ref"":{""style"":[[0,""""],[0,""color:#aaaaaa""]]},""seq"":[{""style"":[1]}],""legend"":{""_messages"":[],""exons/Introns"":{""utr"":{""text"":""UTR"",""default"":null,""label"":""#cd6839"",""class"":""eu""},""intron"":{""text"":""Intron sequence"",""class"":""ei"",""label"":""#aaaaaa"",""default"":null},""flanking"":{""class"":""ef"",""label"":""#008000"",""default"":null,""text"":""Flanking sequence""},""exon1"":{""default"":null,""label"":""#1044ee"",""class"":""e1"",""text"":""Translated sequence""}}},""flourishes"":{},""expect"":[]},""url"":""/Homo_sapiens/Component/Transcript/Exons/exons?db=core;g=ENSG00000118058;r=11:118436456-118526832;t=ENST00000534358;time=1656085939123.123;adorn=only""}                gtaatggctggaggtgttattccac..........tccctggtgcttctgattcttctag                "
"32","ENSE00002530398","118,519,618","118,519,792","1","2","175","                              {""provisional"":{""ref"":{""style"":[[0,""""],[0,""color:#1044ee""]]},""seq"":[{""style"":[1]},-1,{""style"":[1,-54,0]}],""legend"":{""_messages"":[],""exons/Introns"":{""utr"":{""label"":""#cd6839"",""class"":""eu"",""default"":null,""text"":""UTR""},""intron"":{""text"":""Intron sequence"",""default"":null,""label"":""#aaaaaa"",""class"":""ei""},""flanking"":{""text"":""Flanking sequence"",""label"":""#008000"",""class"":""ef"",""default"":null},""exon1"":{""class"":""e1"",""label"":""#1044ee"",""default"":null,""text"":""Translated sequence""}}},""flourishes"":{},""expect"":[]},""url"":""/Homo_sapiens/Component/Transcript/Exons/exons?db=core;g=ENSG00000118058;r=11:118436456-118526832;t=ENST00000534358;time=1656085939123.123;adorn=only""}                GTGTTAACGGTTTGAGGATGCTGGGGATTCTCCATGATGCAGTTGTGTTCCTCATTGAGCAGCTGTCTGGTGCCAAGCACTGTCGAAATTACAAATTCCGTTTCCACAAGCCAGAGGAGGCCAATGAACCCCCCTTGAACCCTCACGGCTCAGCCAGGGCTGAAGTCCACCTCAG                     "
" ","Intron 32-33","118,519,793","118,519,956","","","164","                              {""url"":""/Homo_sapiens/Component/Transcript/Exons/exons?db=core;g=ENSG00000118058;r=11:118436456-118526832;t=ENST00000534358;time=1656085939123.123;adorn=only"",""provisional"":{""ref"":{""style"":[[0,""""],[0,""color:#aaaaaa""]]},""seq"":[{""style"":[1]}],""flourishes"":{},""expect"":[],""legend"":{""_messages"":[],""exons/Introns"":{""utr"":{""default"":null,""label"":""#cd6839"",""class"":""eu"",""text"":""UTR""},""intron"":{""label"":""#aaaaaa"",""class"":""ei"",""default"":null,""text"":""Intron sequence""},""flanking"":{""class"":""ef"",""label"":""#008000"",""default"":null,""text"":""Flanking sequence""},""exon1"":{""label"":""#1044ee"",""default"":null,""class"":""e1"",""text"":""Translated sequence""}}}}}                gcaagttcccttcttttctgtcagc..........atatgttttaatcttttggccccag                "
"33","ENSE00003549263","118,519,957","118,520,064","2","2","108","                              {""provisional"":{""ref"":{""style"":[[0,""""],[0,""color:#1044ee""]]},""seq"":[{""style"":[1]},{""style"":[1,-47,0]}],""expect"":[],""flourishes"":{},""legend"":{""_messages"":[],""exons/Introns"":{""utr"":{""label"":""#cd6839"",""class"":""eu"",""default"":null,""text"":""UTR""},""intron"":{""class"":""ei"",""label"":""#aaaaaa"",""default"":null,""text"":""Intron sequence""},""flanking"":{""text"":""Flanking sequence"",""label"":""#008000"",""default"":null,""class"":""ef""},""exon1"":{""default"":null,""label"":""#1044ee"",""class"":""e1"",""text"":""Translated sequence""}}}},""url"":""/Homo_sapiens/Component/Transcript/Exons/exons?db=core;g=ENSG00000118058;r=11:118436456-118526832;t=ENST00000534358;time=1656085939123.123;adorn=only""}                GAAGTCAGCATTTGACATGTTTAACTTCCTGGCTTCTAAACATCGTCAGCCTCCTGAATACAACCCCAATGATGAAGAAGAGGAGGAGGTACAGCTGAAGTCAGCTCG                            "
" ","Intron 33-34","118,520,065","118,520,801","","","737","                              {""provisional"":{""ref"":{""style"":[[0,""""],[0,""color:#aaaaaa""]]},""seq"":[{""style"":[1]}],""expect"":[],""flourishes"":{},""legend"":{""_messages"":[],""exons/Introns"":{""utr"":{""default"":null,""label"":""#cd6839"",""class"":""eu"",""text"":""UTR""},""intron"":{""label"":""#aaaaaa"",""default"":null,""class"":""ei"",""text"":""Intron sequence""},""flanking"":{""default"":null,""label"":""#008000"",""class"":""ef"",""text"":""Flanking sequence""},""exon1"":{""label"":""#1044ee"",""default"":null,""class"":""e1"",""text"":""Translated sequence""}}}},""url"":""/Homo_sapiens/Component/Transcript/Exons/exons?db=core;g=ENSG00000118058;r=11:118436456-118526832;t=ENST00000534358;time=1656085939123.123;adorn=only""}                gtaagtcttgagtggggagcagtca..........gttaatagtatgtcttatctcttag                "
"34","ENSE00003487438","118,520,802","118,520,885","2","2","84","                              {""url"":""/Homo_sapiens/Component/Transcript/Exons/exons?db=core;g=ENSG00000118058;r=11:118436456-118526832;t=ENST00000534358;time=1656085939123.123;adorn=only"",""provisional"":{""expect"":[],""flourishes"":{},""legend"":{""_messages"":[],""exons/Introns"":{""utr"":{""label"":""#cd6839"",""default"":null,""class"":""eu"",""text"":""UTR""},""intron"":{""text"":""Intron sequence"",""class"":""ei"",""label"":""#aaaaaa"",""default"":null},""flanking"":{""default"":null,""label"":""#008000"",""class"":""ef"",""text"":""Flanking sequence""},""exon1"":{""text"":""Translated sequence"",""label"":""#1044ee"",""class"":""e1"",""default"":null}}},""ref"":{""style"":[[0,""""],[0,""color:#1044ee""]]},""seq"":[{""style"":[1]},{""style"":[1,-23,0]}]}}                GAGGGCAACTAGCATGGATCTGCCAATGCCCATGCGCTTCCGGCACTTAAAAAAGACTTCTAAGGAGGCAGTTGGTGTCTACAG                                                    "
" ","Intron 34-35","118,520,886","118,521,287","","","402","                              {""provisional"":{""flourishes"":{},""expect"":[],""legend"":{""_messages"":[],""exons/Introns"":{""utr"":{""text"":""UTR"",""class"":""eu"",""label"":""#cd6839"",""default"":null},""intron"":{""text"":""Intron sequence"",""class"":""ei"",""label"":""#aaaaaa"",""default"":null},""flanking"":{""class"":""ef"",""label"":""#008000"",""default"":null,""text"":""Flanking sequence""},""exon1"":{""label"":""#1044ee"",""default"":null,""class"":""e1"",""text"":""Translated sequence""}}},""ref"":{""style"":[[0,""""],[0,""color:#aaaaaa""]]},""seq"":[{""style"":[1]}]},""url"":""/Homo_sapiens/Component/Transcript/Exons/exons?db=core;g=ENSG00000118058;r=11:118436456-118526832;t=ENST00000534358;time=1656085939123.123;adorn=only""}                gtatgactaaaattctagaaagaat..........gacctcttttccatctttgtcctag                "
"35","ENSE00003503779","118,521,288","118,521,417","2","0","130","                              {""url"":""/Homo_sapiens/Component/Transcript/Exons/exons?db=core;g=ENSG00000118058;r=11:118436456-118526832;t=ENST00000534358;time=1656085939123.123;adorn=only"",""provisional"":{""ref"":{""style"":[[0,""""],[0,""color:#1044ee""]]},""seq"":[{""style"":[1]},-1,{""style"":[1,-9,0]}],""legend"":{""_messages"":[],""exons/Introns"":{""utr"":{""text"":""UTR"",""label"":""#cd6839"",""default"":null,""class"":""eu""},""intron"":{""default"":null,""label"":""#aaaaaa"",""class"":""ei"",""text"":""Intron sequence""},""flanking"":{""text"":""Flanking sequence"",""default"":null,""label"":""#008000"",""class"":""ef""},""exon1"":{""label"":""#1044ee"",""class"":""e1"",""default"":null,""text"":""Translated sequence""}}},""expect"":[],""flourishes"":{}}}                GTCTCCCATCCATGGCCGGGGTCTTTTCTGTAAGAGAAACATTGATGCAGGTGAGATGGTGATTGAGTATGCCGGCAACGTCATCCGCTCCATCCAGACTGACAAGCGGGAAAAGTATTACGACAGCAAG                                                                  "
" ","Intron 35-36","118,521,418","118,521,896","","","479","                              {""url"":""/Homo_sapiens/Component/Transcript/Exons/exons?db=core;g=ENSG00000118058;r=11:118436456-118526832;t=ENST00000534358;time=1656085939123.123;adorn=only"",""provisional"":{""seq"":[{""style"":[1]}],""ref"":{""style"":[[0,""""],[0,""color:#aaaaaa""]]},""flourishes"":{},""expect"":[],""legend"":{""_messages"":[],""exons/Introns"":{""utr"":{""text"":""UTR"",""class"":""eu"",""label"":""#cd6839"",""default"":null},""intron"":{""text"":""Intron sequence"",""default"":null,""label"":""#aaaaaa"",""class"":""ei""},""flanking"":{""class"":""ef"",""label"":""#008000"",""default"":null,""text"":""Flanking sequence""},""exon1"":{""default"":null,""label"":""#1044ee"",""class"":""e1"",""text"":""Translated sequence""}}}}}                gtaagtctcccacttgcactcacac..........cttctcccttcttctgcatgtgcag                "
"36","ENSE00002179659","118,521,897","118,526,832","0","-","4,936","                              {""provisional"":{""flourishes"":{},""expect"":[],""legend"":{""_messages"":[],""exons/Introns"":{""utr"":{""default"":null,""label"":""#cd6839"",""class"":""eu"",""text"":""UTR""},""intron"":{""label"":""#aaaaaa"",""default"":null,""class"":""ei"",""text"":""Intron sequence""},""flanking"":{""label"":""#008000"",""class"":""ef"",""default"":null,""text"":""Flanking sequence""},""exon1"":{""label"":""#1044ee"",""class"":""e1"",""default"":null,""text"":""Translated sequence""}}},""seq"":[{""style"":[1]},-3,{""style"":[1,-35,2]},{""style"":[2]},-76,{""style"":[2,-15,0]}],""ref"":{""style"":[[0,""""],[0,""color:#1044ee""],[7,""cd6839""]]}},""url"":""/Homo_sapiens/Component/Transcript/Exons/exons?db=core;g=ENSG00000118058;r=11:118436456-118526832;t=ENST00000534358;time=1656085939123.123;adorn=only""}                GGCATTGGTTGCTATATGTTCCGAATTGATGACTCAGAGGTAGTGGATGCCACCATGCATGGAAATGCTGCACGCTTCATCAATCACTCGTGTGAGCCTAACTGCTATTCTCGGGTCATCAATATTGATGGGCAGAAGCACATTGTCATCTTTGCCATGCGTAAGATCTACCGAGGAGAGGAACTCACTTACGACTATAAGTTCCCCATTGAGGATGCCAGCAACAAGCTGCCCTGCAACTGTGGCGCCAAGAAATGCCGGAAGTTCCTAAACTAAAGCTGCTCTTCTCCCCCAGTGTTGGAGTGCAAGGAGGCGGGGCCATCCAAAGCAACGCTGAAGGCCTTTTCCAGCAGCTGGGAGCTCCCGGATTGCGTGGCACAGCTGAGGGGCCTCTGTGATGGCTGAGCTCTCTTATGTCCTATACTCACATCAGACATGTGATCATAGTCCCAGAGACAGAGTTGAGGTCTCGAAGAAAAGATCCATGATCGGCTTTCTCCTGGGGCCCCTCCAATTGTTTACTGTTAGAAAGTGGGAATGGGGTCCCTAGCAGACTTGCCTGGAAGGAGCCTATTATAGAGGGTTGGTTATGTTGGGAGATTGGGCCTGAATTTCTCCACAGAAATAAGTTGCCATCCTCAGGTTGGCCCTTTCCCAAGCACTGTAAGTGAGTGGGTCAGGCAAAGCCCCAAATGGAGGGTTGGTTAGATTCCTGACAGTTTGCCAGCCAGGCCCCACCTACAGCGTCTGTCGAACAAACAGAGGTCTGGTGGTTTTCCCTACTATCCTCCCACTCGAGAGTTCACTTCTGGTTGGGAGACAGGATTCCTAGCACCTCCGGTGTCAAAAGGCTGTCATGGGGTTGTGCCAATTAATTACCAAACATTGAGCCTGCAGGCTTTGAGTGGGAGTGTTGCCCCCAGGAGCCTTATCTCAGCCAATTACCTTTCTTGACAGTAGGAGCGGCTTCCCTCTCCCATTCCCTCTTCACTCCCTTTTCTTCCTTTCCCCTGTCTTCATGCCACTGCTTTCCCATGCTTCTTTCGGGTTGTAGGGGAGACTGACTGCCTGCTCAAGGACACTCCCTGCTGGGCATAGGATGTGCCTGCAAAAAGTTCCCTGAGCCTGTAAGCACTCCAGGTGGGGAAGTGGACAGGAGCCATTGGTCATAACCAGACAGAATTTGGAAACATTTTCATAAAGCTCCATGGAGAGTTTTAAAGAAACATATGTAGCATGATTTTGTAGGAGAGGAAAAAGATTATTTAAATAGGATTTAAATCATGCAACAACGAGAGTATCACAGCCAGGATGACCCTTGGGTCCCATTCCTAAGACATGGTTACTTTATTTTCCCCTTGTTAAGACATAGGAAGACTTAATTTTTAAACGGTCAGTGTCCAGTTGAAGGCAGAACACTAATCAGATTTCAAGGCCCACAACTTGGGGACTAGACCACCTTATGTTGAGGGAACTCTGCCACCTGCGTGCAACCCACAGCTAAAGTAAATTCAATGACACTACTGCCCTGATTACTCCTTAGGATGTGGTCAAAACAGCATCAAATGTTTCTTCTCTTCCTTTCCCCAAGACAGAGTCCTGAACCTGTTAAATTAAGTCATTGGATTTTACTCTGTTCTGTTTACAGTTTACTATTTAAGGTTTTATAAATGTAAATATATTTTGTATATTTTTCTATGAGAAGCACTTCATAGGGAGAAGCACTTATGACAAGGCTATTTTTTAAACCGCGGTATTATCCTAATTTAAAAGAAGATCGGTTTTTAATAATTTTTTATTTTCATAGGATGAAGTTAGAGAAAATATTCAGCTGTACACACAAAGTCTGGTTTTTCCTGCCCAACTTCCCCCTGGAAGGTGTACTTTTTGTTGTTTAATGTGTAGCTTGTTTGTGCCCTGTTGACATAAATGTTTCCTGGGTTTGCTCTTTGACAATAAATGGAGAAGGAAGGTCACCCAACTCCATTGGGCCACTCCCCTCCTTCCCCTATTGAAGCTCCTCAAAAGGCTACAGTAATATCTTGATACAACAGATTCTCTTCTTTCCCGCCTCTCTCCTTTCCGGCGCAACTTCCAGAGTGGTGGGAGACGGCAATCTTTACATTTCCCTCATCTTTCTTACTTCAGAGTTAGCAAACAACAAGTTGAATGGCAACTTGACATTTTTGCATCACCATCTGCCTCATAGGCCACTCTTTCCTTTCCCTCTGCCCACCAAGTCCTCATATCTGCAGAGAACCCATTGATCACCTTGTGCCCTCTTTTGGGGCAGCCTGTTGAAACTGAAGCACAGTCTGACCACTCACGATAAAGCAGATTTTTCTCTGCCTCTGCCACAAGGTTTCAGAGTAGTGTAGTCCAAGTAGAGGGTGGGGCACCCTTTTCTCGCCGCAAGAAGCCCATTCCTATGGAAGTCTAGCAAAGCAATACGACTCAGCCCAGCACTCTCTGCCCCAGGACTCATGGCTCTGCTGTGCCTTCCATCCTGGGCTCCCTTCTCTCCTGTGACCTTAAGAACTTTGTCTGGTGGCTTTGCTGGAACATTGTCACTGTTTTCACTGTCATGCAGGGAGCCCAGCACTGTGGCCAGGATGGCAGAGACTTCCTTGTCATCATGGAGAAGTGCCAGCAGGGGACTGGGAAAAGCACTCTACCCAGACCTCACCTCCCTTCCTCCTTTTGCCCATGAACAAGATGCAGTGGCCCTAGGGGTTCCACTAGTGTCTGCTTTCCTTTATTATTGCACTGTGTGAGGTTTTTTTGTAAATCCTTGTATTCCTATTTTTTTTAAAGAAAAAAAAAAAACCTTAAGCTGCATTTGTTACTGAAATGATTAATGCACTGATGGGTCCTGAATTCACCTTGAGAAAGACCCAAAGGCCAGTCAGGGGGTGGGGGGAACTCAGCTAAATAGACCTAGTTACTGCCCTGCTAGGCCATGCTGTACTGTGAGCCCCTCCTCACTCTCTACCAACCCTAAACCCTGAGGACAGGGGAGGAACCCACAGCTTCCTTCTCCTGCCAGCTGCAGATGGTTTGCCTTGCCTTTCCACCCCCTAATTGTCAACCACAAAAATGAGAAATTCCTCTTCTAGCTCAGCCTTGAGTCCATTGCCAAATTTTCAGCACACCTGCCAGCAACTTGGGGGAATAAGCGAAGGTTTCCCTACAAGAGGGAAAGAAGGCAAAAACGGCACAGCTATCTCCAAACACATCTGAGTTCATTTCAAAAGTGACCAAGGGAATCTCCGCACAAAAGTGCAGATTGAGGAATTGTGATGGGTCATTCCCAAGAATCCCCCAAGGGGCATCCCAAATCCCTGAGGAGTAACAGCTGCAAACCTGGTCAGTTCTCAGTGAGAGCCAGCTCACTTATAGCTTTGCTGCTAGAACCTGTTGTGGCTGCATTTCCTGGTGGCCAGTGACAACTGTGTAACCAGAATAGCTGCATGGCGCTGACCCTTTGGCCGGAACTTGGTCTCTTGGCTCCCTCCTTGGCCACCCACCACCTCTCGCACAGCCCCTCTGTTTTTACACCAATAACAAGAATTAAGGGGGAAGCCCTGGCAGCTATACGTTTTCAACCAGACTCCTTTGCCGGGACCCAGCCCGCCACCCTGCTCGCCTCCGTCAAACCCCCGGCCAATGCAGTGAGCACCATGTAGCTCCCTTGATTTAAAAAAAATAAAAAATAAAAAAAAAAGGAAAAAAAAATACAACACACACACAAAAATAAAAAAAATATTCTAATGAATGTATCTTTCTAAAGGACTGACGTTCAATCAAATATCTGAAAATACTAAAGGTCAAAACCTTGTCAGATGTTAACTTCTAAGTTCGGTTTGGGATTTTTTTTTTTTAATAGAAATCAAGTTGTTTTTGTTTTTAAGGAAAAGCGGGTCATTGCAAAGGGCTGGGTGTAATTTTATGTTTCATTTCCTTCATTTTAAAGCAATACAAGGTTATGGAGCAGATGGTTTTGTGCCGAATCATGAATACTAGTCAAGTCACACACTCTGGAAACTTGCAACTTTTTGTTTGTTTTGGTTTTCAAATAAATATAAATATGATATATATAGGAACTAATATAGTAATGCACCATGTAACAAAGCCTAGTTCAGTCCATGGCTTTTAATTCTCTTAACACTATAGATAAGGATTGTGTTACAGTTGCTAGTAGCGGCAGGAAGATGTCAGGCTCACTTTCCTCTGATTCCCGAAATGGGGGGAACCTCTAACCATAAAGGAATGGTAGAACAGTCCATTCCTCGGATCAGAGAAAAATGCAGACATGGTGTCACCTGGATTTTTTTCTGCCCATGAATGTTGCCAGTCAGTACCTGTCCTCCTTGTTTCTCTATTTTTGGTTATGAATGTTGGGGTTACCACCTGCATTTAGGGGAAAATTGTGTTCTGTGCTTTCCTGGTATCTTGTTCCGAGGTACTCTAGTTCTGTCTTTCAACCAAGAAAATAGAATTGTGGTGTTTCTTTTATTGAACTTTTAACAGTCTCTTTAGTAAATACAGGTAGTTGAATAATTGTTTCAAGAGCTCAACAGATGACAAGCTTCTTTTCTAGAAATAAGACATTTTTTGACAACTTTATCATGTATAACAGATCTGTTTTTTTTCCTTGTGTTCTTCCAAGCTTCTGGTTAGAGAAAAAGAGAAAAAAAAAAAAGGAAAATGTGTCTAAAGTCCATCAGTGTTAACTCCCTGTGACAGGGATGAAGGAAAATACTTTAATAGTTCAAAAAATAATAATGCTGAAAGCTCTCTACGAAAGACTGAATGTAAAAGTAAAAAGTGTACATAGTTGTAAAAAAAAGGAGTTTTTAAACATGTTTATTTTCTATGCACTTTTTTTTATTTAAGTGATAGTTTAATTAATAAACATGTCAAGTTTATTGCTGCA                                                            "
"","3' downstream sequence","","","","","","                              {""url"":""/Homo_sapiens/Component/Transcript/Exons/exons?db=core;g=ENSG00000118058;r=11:118436456-118526832;t=ENST00000534358;time=1656085939123.123;adorn=only"",""provisional"":{""seq"":[{""style"":[1]}],""ref"":{""style"":[[0,""""],[0,""color:#008000""]]},""flourishes"":{},""expect"":[],""legend"":{""_messages"":[],""exons/Introns"":{""utr"":{""text"":""UTR"",""label"":""#cd6839"",""default"":null,""class"":""eu""},""intron"":{""text"":""Intron sequence"",""label"":""#aaaaaa"",""class"":""ei"",""default"":null},""flanking"":{""label"":""#008000"",""class"":""ef"",""default"":null,""text"":""Flanking sequence""},""exon1"":{""label"":""#1044ee"",""class"":""e1"",""default"":null,""text"":""Translated sequence""}}}}}                catggttaagcttccttttggctttggttggagagggtggagaaaagcgg..........                "
